CH1,CH2,CH3,CH4
10.4,10.32,10.05,10.19
10.45,10.179999,10.09,10.05
10.41,10.139999,9.969999,10.03
10.38,10.13,10,10.08
10.389999,10.219999,10.04,10.12
10.4,10.24,10.09,10.15
10.42,10.27,10.11,10.19
10.46,10.3,10.139999,10.32
10.49,10.34,10.179999,10.349999
10.51,10.37,10.219999,10.389999
10.54,10.4,10.23,10.32
10.58,10.42,10.25,10.32
10.61,10.349999,10.24,10.309999
10.62,10.46,10.23,10.3
10.63,10.36,10.25,10.3
10.63,10.469999,10.23,10.29
10.63,10.469999,10.26,10.32
10.65,10.41,10.32,10.389999
10.66,10.42,10.349999,10.42
10.66,10.44,10.37,10.46
10.69,10.46,10.4,10.48
10.69,10.469999,10.41,10.49
10.73,10.59,10.42,10.5
10.74,10.599999,10.429999,10.49
10.75,10.52,10.4,10.46
10.75,10.599999,10.38,10.44
10.73,10.599999,10.37,10.429999
10.75,10.49,10.36,10.42
10.74,10.49,10.36,10.42
10.75,10.48,10.36,10.41
10.75,10.48,10.34,10.41
10.75,10.58,10.34,10.389999
10.74,10.48,10.3,10.37
10.73,10.46,10.29,10.34
10.679999,10.51,10.25,10.3
10.63,10.38,10.219999,10.29
10.599999,10.429999,10.2,10.27
10.58,10.32,10.2,10.27
10.58,10.33,10.2,10.25
10.59,10.34,10.17,10.219999
10.599999,10.34,10.15,10.19
10.599999,10.33,10.2,10.16
10.59,10.309999,10.19,10.15
10.55,10.27,10.07,10.12
10.52,10.27,10.09,10.12
10.51,10.34,10.15,10.13
10.49,10.33,10.179999,10.15
10.48,10.32,10.21,10.19
10.469999,10.24,10.19,10.27
10.48,10.34,10.21,10.29
10.49,10.26,10.219999,10.28
10.52,10.27,10.19,10.24
10.53,10.28,10.24,10.19
10.54,10.27,10.099999,10.15
10.52,10.24,10.13,10.12
10.49,10.2,10.05,10.09
10.469999,10.179999,9.99,10.099999
10.45,10.27,9.99,10.13
10.429999,10.17,10.03,10.09
10.41,10.27,10.179999,10.19
10.429999,10.2,10.179999,10.28
10.45,10.29,10.26,10.29
10.45,10.25,10.29,10.309999
10.46,10.24,10.28,10.29
10.469999,13,10.28,10.28
10.48,10.25,10.26,10.25
10.46,10.25,10.24,10.25
10.52,10.28,10.16,10.24
10.53,10.29,10.21,10.27
10.55,10.4,10.21,10.3
10.58,10.33,10.24,10.33
10.599999,10.45,10.28,10.37
10.65,10.389999,10.309999,10.4
10.67,10.41,10.33,10.389999
10.69,10.44,10.32,10.38
10.7,10.53,10.3,10.349999
10.7,10.55,10.23,10.37
10.679999,10.41,10.21,10.32
10.66,10.38,10.19,10.309999
10.62,10.36,10.219999,10.33
10.61,10.36,10.24,10.34
10.62,10.46,10.29,10.389999
10.62,10.38,10.33,10.41
10.63,10.389999,10.349999,10.44
10.66,10.41,10.349999,10.44
10.7,10.45,10.34,10.41
10.73,10.46,10.309999,10.36
10.73,10.46,10.28,10.34
10.73,10.46,10.28,10.32
10.719999,10.45,10.28,10.32
10.69,10.44,10.3,10.34
10.67,10.42,10.29,10.38
10.65,10.51,10.3,10.38
10.63,10.5,10.309999,10.4
10.62,10.4,10.309999,10.389999
10.63,10.48,10.294671,10.37
10.63,10.4,10.300948,10.33
10.639999,10.38,10.25,10.3
10.65,10.37,10.23,10.36
10.639999,10.46,10.219999,10.37
10.63,10.45,10.219999,10.36
10.61,10.36,10.219999,10.37
10.62,10.44,10.23,10.349999
10.61,10.44,10.24,10.42
10.599999,10.349999,10.25,10.42
10.59,10.34,10.25,10.42
10.59,10.33,10.219999,10.4
10.59,10.32,10.21,10.38
10.57,10.33,10.219999,10.37
10.559999,10.33,10.2,10.34
10.57,10.32,10.28,10.34
10.57,10.41,10.2,10.33
10.57,10.4,10.19,10.29
10.55,10.32,10.19,10.309999
10.53,10.27,10.2,10.27
10.51,10.23,10.13,10.25
10.5,10.219999,10.12,10.24
10.49,10.219999,10.09,10.24
10.48,10.219999,10.08,10.23
10.48,10.21,10.09,10.23
10.49,10.23,10.08,10.25
10.51,10.24,10.12,10.28
10.5,10.26,10.12,10.26
10.52,10.27,10.15,10.27
10.52,10.26,10.19,10.27
10.53,10.37,10.16,10.26
10.54,10.28,10.15,10.3
10.55,10.28,10.139999,10.29
10.54,10.27,10.15,10.309999
10.53,10.28,10.139999,10.32
10.53,10.29,10.16,10.309999
10.55,10.309999,10.19,10.34
10.55,10.429999,10.219999,10.36
10.63,10.38,10.25,10.38
10.63,10.38,10.219999,10.36
10.639999,10.389999,10.21,10.349999
10.63,10.44,10.2,10.33
10.58,5.39,10.16,10.309999
10.54,10.389999,10.17,10.32
10.52,10.25,10.16,10.3
10.5,10.33,10.17,10.309999
10.5,10.25,10.16,10.33
10.48,13,10.17,10.34
10.53,10.3,10.24,10.36
10.62,10.38,10.27,10.33
10.67,10.429999,10.309999,10.37
10.69,10.45,10.33,10.38
10.7,10.46,10.33,10.38
10.719999,10.54,10.33,10.389999
10.69,10.53,10.33,10.389999
10.69,10.5,10.32,10.38
10.67,10.5,10.309999,10.38
10.65,10.5,10.28,10.36
10.63,10.4,10.27,10.34
10.66,10.41,10.28,10.32
10.67,10.42,10.28,10.309999
10.679999,10.429999,10.26,10.29
10.679999,10.44,10.24,10.27
10.679999,10.42,10.2,10.24
10.66,10.4,10.2,10.23
10.62,10.349999,10.17,10.219999
10.599999,10.4,10.16,10.21
10.58,10.4,10.15,10.21
10.559999,10.36,10.15,10.21
10.55,10.38,10.139999,10.21
10.52,10.28,10.2,10.219999
10.52,10.27,10.16,10.219999
10.52,10.349999,10.16,10.23
10.52,10.349999,10.139999,10.27
10.51,10.349999,10.12,10.28
10.51,10.25,10.11,10.26
10.52,10.25,10.11,10.24
10.52,10.26,10.11,10.24
10.51,10.26,10.12,10.25
10.51,10.25,10.139999,10.26
10.52,10.349999,10.16,10.3
10.54,4.24,10.2,10.36
10.54,10.4,10.219999,10.37
10.55,10.309999,10.23,10.38
10.559999,10.32,10.3,10.37
10.57,10.32,10.24,10.33
10.58,10.3,10.219999,10.29
10.57,10.3,10.23,10.3
10.559999,10.29,10.19,10.29
10.559999,10.29,10.13,10.3
10.53,10.28,10.15,10.32
10.53,10.26,10.17,10.24
10.52,10.27,10.17,10.24
10.51,10.27,10.179999,10.23
10.53,10.29,10.17,10.23
10.53,10.29,10.15,10.219999
10.55,10.29,10.139999,10.2
10.54,10.28,10.219999,10.19
10.55,10.29,10.21,10.16
10.55,10.29,10.21,10.17
10.55,10.29,10.12,10.17
10.53,10.27,10.139999,10.19
10.52,10.349999,10.17,10.24
10.51,10.349999,10.179999,10.27
10.5,10.25,10.21,10.3
10.5,10.349999,10.24,10.33
10.51,10.37,10.25,10.37
10.55,10.389999,10.28,10.37
10.57,10.34,10.29,10.38
10.61,10.36,10.28,10.389999
10.62,10.37,10.29,10.36
10.639999,10.38,10.28,10.34
10.66,10.4,10.28,10.34
10.67,10.4,10.28,10.34
10.679999,10.42,10.309999,10.36
10.679999,10.429999,10.309999,10.37
10.69,10.44,10.32,10.37
10.69,10.54,10.33,10.389999
10.71,10.45,10.349999,10.4
10.719999,10.48,10.349999,10.42
10.719999,10.48,10.34,10.389999
10.71,10.48,10.349999,10.46
10.7,10.54,10.34,10.38
10.69,10.44,10.34,10.36
10.679999,10.42,10.3,10.349999
10.65,10.4,10.29,10.33
10.62,10.37,10.25,10.29
10.58,10.33,10.21,10.28
10.53,10.29,10.17,10.21
10.49,10.25,10.13,10.17
10.49,10.23,10.099999,10.16
10.48,10.219999,10.09,10.139999
10.469999,10.32,10.07,10.12
10.46,10.2,10.05,10.099999
10.44,10.19,10.02,10.09
10.44,10.26,9.98,10.059999
10.429999,10.15,9.969999,10.05
10.42,10.25,9.969999,10.04
10.41,10.25,10.08,10.05
10.41,13,10.11,10.13
10.429999,10.26,10.099999,10.2
10.45,10.21,10.16,10.24
10.469999,10.23,10.19,10.28
10.5,10.25,10.17,10.27
10.52,10.29,10.15,10.219999
10.54,10.29,10.15,10.2
10.57,10.32,10.19,10.23
10.62,10.37,10.25,10.38
10.65,10.52,10.34,10.48
10.67,10.45,10.38,10.469999
10.7,10.469999,10.41,10.5
10.719999,10.469999,10.37,10.429999
10.71,10.44,10.36,10.32
10.67,10.4,10.25,10.219999
10.62,10.33,10.219999,10.16
10.58,10.3,10.13,10.21
10.58,10.389999,10.21,10.27
10.55,10.309999,10.26,10.32
10.58,10.429999,10.26,10.349999
10.59,10.36,10.27,10.34
10.62,10.349999,10.23,10.3
10.59,10.33,10.24,10.309999
10.559999,10.38,10.13,10.25
10.52,10.25,10.07,10.21
10.49,10.21,10.08,10.2
10.45,10.29,10.07,10.23
10.42,10.19,10.09,10.24
10.44,10.19,10.09,10.23
10.46,10.2,10.08,10.24
10.5,10.23,10.09,10.25
10.5,10.34,10.099999,10.25
10.52,10.25,10.09,10.26
10.52,10.25,10.11,10.28
10.52,10.25,10.13,10.29
10.52,10.26,10.179999,10.309999
10.53,10.28,10.17,10.33
10.55,10.29,10.179999,10.33
10.55,10.3,10.2,10.33
10.58,10.309999,10.17,10.32
10.57,10.4,10.19,10.28
10.57,10.309999,10.16,10.27
10.57,10.309999,10.15,10.28
10.57,10.29,10.139999,10.26
10.55,10.309999,10.16,10.32
10.54,10.28,10.15,10.309999
10.53,10.28,10.16,10.32
10.53,10.27,10.139999,10.29
10.54,10.27,10.139999,10.29
10.53,13,10.13,10.28
10.55,10.36,10.15,10.27
10.53,10.26,10.17,10.3
10.53,10.36,10.17,10.25
10.52,10.25,10.179999,10.27
10.51,10.25,10.179999,10.27
10.5,10.26,10.19,10.26
10.5,10.25,10.21,10.27
10.51,10.26,10.179999,10.27
10.51,10.29,10.21,10.26
10.55,10.32,10.24,10.3
10.559999,10.33,10.21,10.27
10.58,10.32,10.2,10.25
10.57,10.309999,10.179999,10.24
10.559999,10.29,10.15,10.19
10.55,10.28,10.11,10.25
10.54,10.26,10.11,10.25
10.54,10.28,10.11,10.25
10.53,10.27,10.139999,10.28
10.53,10.28,10.139999,10.29
10.53,10.27,10.16,10.3
10.52,10.27,10.16,10.309999
10.53,10.26,10.15,10.309999
10.5,10.25,10.13,10.28
10.5,10.23,10.11,10.28
10.48,10.219999,10.09,10.25
10.46,10.21,10.08,10.219999
10.469999,10.29,10.07,10.21
10.469999,10.2,10.07,10.219999
10.46,10.19,10.059999,10.21
10.429999,10.179999,10.12,10.21
10.42,10.24,10.09,10.24
10.41,10.16,10.09,10.25
10.44,10.27,10.099999,10.19
10.389999,10.219999,10.11,10.27
10.51,10.25,10.11,10.25
10.52,10.26,10.099999,10.26
10.52,10.27,10.099999,10.26
10.52,10.25,10.11,10.26
10.51,10.26,10.139999,10.29
10.49,10.27,10.19,10.349999
10.52,10.3,10.24,10.38
10.559999,10.33,10.25,10.389999
10.61,10.37,10.27,10.389999
10.639999,10.37,10.2,10.309999
10.639999,10.38,10.17,10.32
10.61,10.349999,10.16,10.309999
10.57,10.3,10.15,10.309999
10.53,10.27,10.15,10.29
10.51,10.25,10.13,10.26
10.49,10.23,10.099999,10.17
10.48,10.21,10.08,10.13
10.469999,10.219999,10.059999,10.12
10.469999,10.2,10.05,10.099999
10.45,10.2,10.05,10.11
10.44,10.27,10.059999,10.12
10.44,10.2,10.08,10.16
10.46,10.3,10.09,10.16
10.49,10.23,10.099999,10.17
10.51,10.25,10.09,10.15
10.51,10.26,10.04,10.09
10.5,10.24,10.05,10.09
10.469999,10.19,10.01,10.059999
10.41,10.24,10,10.059999
10.36,10.11,10,10.07
10.34,10.17,10.01,10.09
10.33,10.07,10.02,10.099999
10.36,10.13,10.04,10.11
10.41,10.17,10.05,10.139999
10.49,10.23,10.11,10.16
10.54,10.28,10.12,10.2
10.55,10.29,10.139999,10.219999
10.54,10.38,10.15,10.21
10.51,10.25,10.099999,10.17
10.51,10.23,10.16,10.11
10.5,10.24,10.11,10.15
10.51,10.219999,10.099999,10.13
10.49,10.21,10.08,10.139999
10.48,10.29,10.12,10.17
10.44,10.27,10.08,10.219999
10.4,10.15,10.099999,10.27
10.4,10.139999,10.13,10.28
10.389999,10.139999,10.16,10.26
10.38,10.13,10.08,10.17
10.41,10.15,10.02,10.219999
10.45,10.19,9.99,10.179999
10.49,10.23,10.07,10.19
10.51,10.26,10.07,10.23
10.54,10.28,10.15,10.219999
10.53,10.3,10.24,10.309999
10.52,10.29,10.28,10.37
10.52,10.28,10.26,10.349999
10.51,10.26,10.2,10.3
10.51,10.25,10.179999,10.28
10.53,10.27,10.139999,10.23
10.55,10.28,10.13,10.219999
10.58,10.309999,10.15,10.23
10.58,10.429999,10.19,10.26
10.59,10.34,10.19,10.26
10.57,10.4,10.139999,10.2
10.5,10.24,10.139999,10.2
10.429999,10.15,10.139999,10.07
10.37,10.08,9.849999,10
10.32,10.03,9.83,9.98
10.309999,10.04,9.87,10.01
10.32,10.05,9.94,10.03
10.309999,10.16,9.99,10.07
10.32,10.17,10,10.11
10.33,10.08,9.98,10.07
10.33,10.08,9.969999,10.03
10.349999,10.09,9.94,10.01
10.37,10.179999,9.929999,9.99
10.37,10.09,9.94,10.02
10.37,10.2,9.969999,10.05
10.38,10.13,10.059999,10.139999
10.4,10.27,10.15,10.23
10.429999,10.3,10.179999,10.27
10.48,10.36,10.24,10.34
10.45,10.349999,10.28,10.36
10.599999,10.4,10.28,10.34
10.65,10.42,10.29,10.34
10.69,10.44,10.309999,10.34
10.679999,10.44,10.309999,10.349999
10.679999,10.429999,10.3,10.349999
10.67,10.42,10.32,10.36
10.66,10.5,10.309999,10.37
10.639999,10.41,10.29,10.349999
10.639999,10.46,10.24,10.38
10.63,10.37,10.219999,10.33
10.599999,10.41,10.179999,10.21
10.54,10.25,10.139999,10.03
10.48,10.17,9.94,9.98
10.4,10.12,9.929999,9.98
10.349999,10.17,9.95,10.04
10.309999,10.059999,9.969999,10.05
10.29,10.05,9.96,10.03
10.28,10.08,10.01,9.98
10.26,10,9.86,9.92
10.27,9.98,9.83,10
10.27,9.99,9.83,9.88
10.27,10,9.86,9.94
10.28,10.02,9.87,9.95
10.29,10.03,9.88,9.96
10.29,10.04,9.9,9.99
10.29,10.05,9.94,10.01
10.3,10.17,9.99,10.05
10.33,10.099999,10.04,10.09
10.37,10.13,10.059999,10.139999
10.389999,10.15,10.099999,10.27
10.46,10.219999,10.19,10.26
10.49,10.26,10.219999,10.32
10.55,10.309999,10.26,10.36
10.58,10.349999,10.29,10.389999
10.63,10.38,10.309999,10.389999
10.66,10.41,10.34,10.38
10.69,10.44,10.37,10.4
10.71,10.429999,10.309999,10.38
10.69,10.429999,10.309999,10.349999
10.69,10.42,10.28,10.32
10.679999,10.42,10.25,10.29
10.67,10.41,10.219999,10.26
10.67,10.4,10.179999,10.24
10.65,10.36,10.17,10.21
10.61,10.36,10.16,10.2
10.57,10.3,10.099999,10.23
10.62,10.24,10.12,10.179999
10.46,10.29,10.07,10.08
10.42,10.24,10.03,10.099999
10.34,10.08,9.98,9.94
10.29,10.03,9.82,9.969999
10.26,10.01,9.809999,9.96
10.25,9.969999,9.8,9.929999
10.25,9.969999,9.8,9.929999
10.23,10.05,9.82,9.96
10.23,10.17,9.849999,9.98
10.21,9.96,9.87,10.03
10.2,9.969999,9.87,10.04
10.219999,9.98,9.91,10.09
10.24,9.99,9.92,10.08
10.29,10.04,9.96,10.15
10.33,10.099999,10.02,10.2
10.389999,10.15,10.09,10.17
10.42,10.19,10.15,10.23
10.46,10.24,10.19,10.27
10.469999,10.34,10.179999,10.25
10.51,10.34,10.179999,10.25
10.51,10.25,10.13,10.19
10.51,10.25,10.099999,10.17
10.49,10.24,10.099999,10.15
10.48,10.23,10.09,10.139999
10.469999,10.23,10.09,10.13
10.46,10.21,10.08,10.13
10.45,10.19,10.07,10.12
10.44,10.17,10.03,10.11
10.42,10.15,9.99,10.08
10.389999,10.12,9.98,10.059999
10.38,10.13,9.98,10.04
10.37,10.12,10,10.04
10.389999,10.139999,10.01,10.05
10.4,10.16,10.04,10.09
10.42,10.28,10.059999,10.12
10.46,10.219999,10.09,10.139999
10.469999,10.33,10.139999,10.19
10.49,10.24,10.15,10.19
10.48,10.23,10.09,10.139999
10.46,10.2,10.11,10.059999
10.41,10.139999,10.04,10
10.37,10.11,9.9,9.96
10.34,10.07,9.91,9.969999
10.33,10.17,9.92,10
10.33,10.07,9.94,10.04
10.34,10.099999,10.02,10.12
10.38,10.139999,10.099999,10.219999
10.42,10.2,10.16,10.27
10.5,10.25,10.19,10.29
10.54,10.29,10.179999,10.28
10.55,10.3,10.17,10.24
10.53,10.29,10.16,10.19
10.52,10.26,10.12,10.17
10.49,10.32,10.08,10.139999
10.46,10.2,10.059999,10.12
10.429999,10.26,10.04,10.099999
10.41,10.26,10.01,10.08
10.37,10.13,9.98,10.03
10.349999,10.09,9.92,10.059999
10.349999,10.17,9.9,10.05
10.32,10.059999,9.86,9.99
10.33,10.05,9.86,9.99
10.309999,10.02,9.889999,10.02
10.28,10.02,9.929999,10.07
10.27,10.02,9.94,10.08
10.27,10.11,9.96,10.099999
10.3,10.13,9.96,10.11
10.32,10.07,9.969999,10.13
10.36,10.2,9.969999,10.13
10.4,10.13,9.98,10.13
10.41,10.139999,10,10.16
10.41,10.139999,10.03,10.17
10.389999,10.15,10.02,10.2
10.389999,10.13,10.02,10.19
10.389999,10.139999,10.02,10.2
10.389999,10.139999,10,10.19
10.41,10.139999,10,10.179999
10.42,10.27,10.04,10.15
10.429999,10.17,10.07,10.23
10.44,10.17,10.09,10.26
10.42,10.179999,10.12,10.29
10.45,10.309999,10.16,10.34
10.49,10.23,10.16,10.34
10.52,10.28,10.15,10.32
10.53,13,10.15,10.3
10.55,10.29,10.15,10.3
10.559999,10.38,10.139999,10.3
10.54,10.29,10.16,10.3
10.5,10.36,10.15,10.3
10.5,10.24,10.13,10.27
10.48,10.23,10.11,10.25
10.48,10.309999,10.059999,10.179999
10.45,10.179999,9.98,10.11
10.44,10.15,9.94,10.09
10.38,10.099999,9.88,10.12
10.33,10.04,9.809999,9.969999
10.3,10.01,9.8,9.95
10.26,10.08,9.82,9.88
10.25,9.99,9.83,9.92
10.26,9.99,9.849999,10.01
10.25,9.99,9.849999,10.02
10.26,10.01,9.849999,10.04
10.26,10.01,9.87,10.03
10.26,10,9.9,10.11
10.26,10.01,9.91,9.99
10.28,10.02,9.96,10.07
10.3,10.08,10.03,10.139999
10.36,10.13,10.139999,10.219999
10.349999,10.219999,10.179999,10.27
10.42,10.28,10.17,10.25
10.46,10.309999,10.15,10.21
10.46,10.3,10.099999,10.24
10.44,10.27,10.059999,10.2
10.37,10.219999,10.04,10.179999
10.45,10.28,10.059999,10.15
10.42,10.16,10.099999,10.16
10.4,10.26,10.11,10.17
10.42,10.29,10.08,10.13
10.429999,10.19,10,10.15
10.41,10.15,9.929999,10.07
10.38,10.099999,9.91,10.04
10.34,10.16,9.92,10.07
10.32,10.07,9.98,10.15
10.34,10.11,10.02,10.17
10.38,10.23,10.059999,10.24
10.42,10.19,10.07,10.219999
10.44,10.28,10.04,10.179999
10.429999,10.17,10,10.139999
10.429999,10.16,9.98,10.139999
10.4,10.13,9.95,10.11
10.38,10.099999,9.929999,10.09
10.34,10.08,9.92,10.059999
10.32,10.059999,9.92,10.04
10.309999,10.059999,9.92,10.07
10.309999,10.16,9.91,10.099999
10.309999,10.05,9.91,10.08
10.3,10.059999,9.889999,10.05
10.309999,10.059999,9.9,10.04
10.33,10.07,9.889999,10.03
10.32,10.08,9.88,10.03
10.349999,10.05,9.9,10.03
10.3,10.12,9.94,9.969999
10.28,9.99,9.929999,9.99
10.25,9.99,9.969999,10.05
10.25,10.02,9.99,10.07
10.28,10.05,10.05,10.139999
10.34,10.11,10.09,10.179999
10.4,10.17,10.12,10.21
10.45,10.219999,10.16,10.3
10.49,10.26,10.179999,10.33
10.53,10.37,10.17,10.32
10.52,10.29,10.15,10.32
10.55,10.29,10.15,10.3
10.55,10.29,10.15,10.3
10.54,10.27,10.16,10.3
10.51,10.26,10.13,10.29
10.48,10.25,10.11,10.27
10.469999,10.219999,10.09,10.139999
10.469999,10.2,10.05,10.099999
10.46,10.19,10.01,10.059999
10.44,10.179999,9.969999,10
10.42,10.23,9.929999,9.96
10.389999,10.11,9.9,9.95
10.37,10.09,9.9,9.95
10.32,10.059999,9.9,9.969999
10.28,10.11,9.969999,9.98
10.24,10.02,9.929999,10
10.25,10.11,9.95,10.02
10.28,10.02,9.929999,10
10.27,10.02,9.91,9.969999
10.27,10.09,9.86,10.01
10.27,9.98,9.849999,9.99
10.26,10.07,9.8,9.96
10.27,10.08,9.809999,9.98
10.27,9.98,9.82,10
10.27,10,9.849999,10.03
10.29,10.03,9.929999,10.01
10.309999,10.059999,10,10.17
10.309999,10.11,10.059999,10.219999
10.29,10.139999,10.09,10.17
10.3,10.25,10.09,10.23
10.29,10.16,10.09,10.219999
10.309999,10.17,10.07,10.2
10.33,10.17,10.04,10.2
10.34,10.17,10.099999,10.16
10.34,10.17,10.01,10.139999
10.349999,10.179999,9.99,10.12
10.349999,10.27,9.96,10.09
10.33,10.26,9.95,10.07
10.29,10.139999,9.94,10.07
10.26,10.12,10.01,10.099999
10.26,10.11,9.969999,10.12
10.26,10.11,9.98,10.15
10.29,10.21,9.99,10.15
10.29,10.12,9.99,10.16
10.3,10.13,10,10.17
10.28,10.13,10.02,10.15
10.28,10.12,10.04,10.12
10.309999,10.139999,10.05,10.12
10.33,10.17,10.05,10.11
10.37,10.2,10.03,10.08
10.389999,10.21,10.11,10.059999
10.38,10.2,9.98,10.03
10.42,10.15,9.929999,9.99
10.46,10.17,9.91,9.969999
10.42,4.45,9.889999,9.94
10.4,10.11,9.88,9.94
10.44,10.059999,9.84,9.929999
10.45,9.95,9.82,9.9
10.49,10.05,9.82,9.92
10.48,9.969999,9.83,9.9
10.44,9.99,9.92,9.94
10.4,10.059999,9.91,9.98
10.44,9.969999,9.929999,10
10.48,9.99,9.969999,10.059999
10.54,10.04,9.98,10.09
10.469999,10.12,10.08,10.099999
10.41,10.17,10.03,10.09
10.44,10.29,10.04,10.099999
10.44,10.29,10.05,10.099999
10.41,10.16,10.05,10.099999
10.4,10.139999,10.05,10.099999
10.36,10.21,10.07,10.12
10.27,10.11,10.02,10.07
10.25,10.099999,9.95,10
10.26,10.08,9.91,10.02
10.26,10.09,9.88,10.03
10.24,10.16,9.889999,10.04
10.21,10.059999,9.92,10.09
10.21,10.16,9.94,10.11
10.21,13,9.96,10.15
10.19,10.05,9.98,10.2
10.219999,10.08,10.01,10.17
10.25,10.09,10.03,10.19
10.26,10.12,10.03,10.21
10.28,10.139999,10.03,10.2
10.309999,10.16,10.03,10.2
10.37,10.2,10.05,10.2
10.389999,10.23,10.059999,10.2
10.389999,10.219999,10.04,10.179999
10.32,10.28,10.02,10.139999
10.26,10.139999,9.95,10.099999
10.24,10.08,9.91,10.059999
10.23,10.05,9.91,10.05
10.179999,10.04,9.88,10.04
10.179999,10.02,9.889999,10.05
10.17,10.04,9.9,10.03
10.2,10.11,9.9,10.03
10.17,10.02,9.889999,10.01
10.17,10.01,9.809999,9.96
10.16,9.99,9.76,9.94
10.11,9.95,9.76,9.849999
10.07,9.929999,9.77,9.88
10.08,9.929999,9.8,9.96
10.08,9.94,9.929999,10.03
10.099999,10.059999,9.94,10.08
10.15,10.01,10.02,10.13
10.219999,10.15,10.11,10.19
10.25,10.19,10.11,10.219999
10.219999,10.19,10.15,10.27
10.099999,10.26,10.2,10.28
10.099999,10.34,10.219999,10.29
10.16,10.37,10.219999,10.27
10.23,10.38,10.19,10.23
10.21,10.38,10.16,10.2
10.16,10.34,10.099999,10.23
10.46,10.27,10.139999,10.08
10.48,10.19,9.969999,10.099999
10.41,10.13,9.92,10.07
10.37,10.09,9.92,10.05
10.3,10.11,9.88,10
10.25,9.98,9.849999,9.99
10.2,9.92,9.8,9.94
10.08,9.9,9.76,9.91
10.04,9.87,9.71,9.99
10.12,9.83,9.78,9.969999
9.99,9.92,9.7,9.98
10.11,9.849999,9.75,9.929999
10.13,9.87,9.849999,9.94
10.07,9.95,9.969999,10.059999
13,9.99,10.03,10.11
10.24,10.09,10.12,10.219999
10.33,13,10.17,10.26
10.42,10.3,10.17,10.25
10.469999,10.309999,10.16,10.2
10.57,10.32,10.12,10.179999
10.45,10.29,10.08,10.139999
10.53,10.25,10.05,10.11
10.48,10.19,10,10.05
10.42,10.23,9.969999,10.03
10.38,10.179999,9.929999,9.98
10.27,10.07,9.88,9.929999
10.26,10.059999,9.86,9.91
10.34,10.139999,9.82,9.88
10.21,10.03,9.8,9.86
10.179999,10,9.8,9.849999
10.15,9.969999,9.809999,9.87
10.13,9.969999,9.84,9.94
10.139999,9.969999,9.88,9.98
10.17,10.02,9.94,10.01
10.21,10.05,9.94,10.03
10.25,10.08,9.96,10.02
10.37,10.19,9.94,9.99
10.37,10.179999,9.929999,10.01
10.24,10.09,9.929999,9.99
10.34,10.16,9.929999,9.98
10.309999,10.139999,10.01,10.01
10.309999,10.04,9.96,10.02
10.23,10.059999,9.98,10.03
10.23,10.059999,9.95,10.04
10.24,10.07,9.95,10.02
10.24,10.08,9.92,10.01
10.349999,10.07,9.92,9.99
10.349999,10.07,9.9,9.98
10.24,10.17,9.889999,9.96
10.219999,10.04,9.88,9.96
10.179999,10.01,9.88,9.96
10.139999,10.07,9.88,9.95
10.11,9.96,9.86,9.96
10.11,9.96,9.86,9.969999
10.2,9.96,9.91,10
10.23,10,9.94,10.04
10.28,10.05,9.99,10.08
10.23,10.08,10,10.07
10.26,10.099999,9.99,10.05
10.28,10.11,9.969999,10.03
10.28,10.11,9.94,10
10.28,10.11,9.95,10
10.29,10.21,9.94,10.02
10.389999,10.13,9.98,10.07
10.33,10.25,10.05,10.12
10.46,10.3,10.12,10.21
10.4,10.23,10.16,10.27
10.389999,10.219999,10.16,10.24
10.45,10.21,10.139999,10.21
10.349999,10.2,10.09,10.16
10.45,10.179999,10.03,10.179999
10.349999,10.17,9.96,10.09
10.349999,10.139999,9.91,10.03
10.3,10.099999,9.92,9.969999
10.32,10.11,9.809999,9.94
10.099999,10.02,9.75,9.91
10.04,9.95,9.74,9.9
10.02,9.849999,9.719999,9.88
10.04,9.87,9.74,9.889999
10.309999,13,9.74,9.889999
10.12,9.96,9.82,9.87
10.2,9.929999,9.76,9.9
10.059999,10.01,9.79,9.92
10.12,9.98,9.82,9.91
13,10,9.889999,10.01
10.059999,9.94,9.929999,10.04
10.24,10.099999,9.91,10.03
10.219999,10.05,9.9,9.969999
10.36,10.15,9.86,10
10.24,10.059999,9.87,10.01
10.24,10.139999,9.91,10.05
10.3,10.15,10.02,10.17
10.32,10.09,10.09,10.219999
10.38,10.16,10.13,10.219999
10.389999,10.2,10.2,10.219999
13,10.26,10.179999,10.16
10.559999,10.28,10.15,10.13
10.45,10.27,10.15,10.12
10.42,10.23,10.139999,10.12
10.389999,10.21,10.179999,10.139999
10.48,10.2,10.139999,10.16
10.37,10.19,10.13,10.099999
10.349999,10.17,10.09,10.059999
10.42,10.17,9.969999,10.01
10.37,10.2,9.91,9.96
10.309999,10.15,9.87,9.92
10.16,9.99,9.82,9.889999
10.12,9.95,9.8,9.9
10.099999,9.94,9.8,9.889999
10.099999,9.94,9.809999,9.9
10.2,9.95,9.82,9.9
10.13,9.969999,9.84,9.92
10.11,9.96,9.849999,9.95
10.19,9.969999,9.86,9.98
13,9.99,9.889999,10
10.17,10.02,9.929999,10.03
10.33,10.09,9.96,10.04
10.3,10.13,9.96,10.03
10.34,10.219999,9.96,10.02
10.44,10.16,9.94,9.99
10.309999,10.139999,9.95,10
10.38,4.74,9.96,10
10.24,10.059999,9.96,10.02
10.219999,10.07,9.96,10.02
10.21,10.059999,9.929999,10.01
10.2,10.12,9.889999,10.03
10.28,10.02,9.9,9.96
10.24,9.96,9.77,9.9
10.099999,9.929999,9.75,9.87
10.19,9.9,9.75,9.91
10.07,9.91,9.79,9.95
10.08,9.929999,9.8,9.889999
10.19,10.02,9.809999,9.889999
10.12,10.04,9.8,9.88
10.25,9.98,9.83,9.92
10.179999,10.12,9.9,9.99
10.219999,10.09,10.01,10.13
10.27,10.16,10.13,10.21
10.32,10.2,10.16,10.25
10.41,10.36,10.21,10.27
13,10.32,10.179999,10.23
10.5,10.34,10.15,10.19
10.5,10.34,10.11,10.219999
10.58,10.29,10.08,10.2
10.42,10.25,10.05,10.219999
10.469999,10.2,10.02,10.16
10.309999,10.139999,9.98,10.139999
10.389999,10.219999,9.969999,10.11
10.25,10.07,9.889999,10.04
10.33,10.05,9.84,9.92
10.179999,10.099999,9.809999,9.929999
10.11,9.95,9.77,9.91
10.08,9.889999,9.76,9.9
13,9.99,9.75,9.91
10.059999,9.9,9.77,9.92
10.07,9.9,9.8,9.889999
10.11,10.01,9.77,9.88
10.2,9.94,9.74,9.849999
10.099999,9.929999,9.719999,9.84
10.19,9.91,9.69,9.82
10.07,9.99,9.71,9.82
10.15,9.86,9.71,9.88
10.05,9.98,9.75,9.95
10.05,9.9,9.78,9.94
10.09,9.92,9.809999,9.99
10.11,9.94,9.82,10
10.11,9.95,9.83,9.99
10.11,10.04,9.82,10
10.09,11.27,9.84,10
10.2,9.95,9.87,10.02
10.219999,9.969999,9.88,10.059999
10.26,10.01,9.929999,10.099999
10.309999,10.07,9.94,10.12
10.33,10.07,9.94,10.11
10.24,10.09,9.96,10.139999
10.26,10.099999,9.98,10.099999
10.36,10.11,10.01,10.13
10.38,10.13,10.02,10.09
10.32,10.16,10.08,10.16
10.34,10.28,10.12,10.21
10.44,10.21,10.139999,10.23
10.389999,10.24,10.16,10.24
10.41,10.26,10.17,10.25
10.53,10.37,10.16,10.219999
10.45,10.28,10.12,10.179999
10.52,10.26,10.099999,10.13
10.53,10.25,10.07,10.099999
10.52,10.24,10.03,10.09
10.41,10.23,10.01,10.07
10.38,10.19,9.99,10.05
10.349999,10.17,9.969999,10.04
10.3,10.12,9.969999,10.03
10.26,10.08,9.96,10.02
10.24,10.07,9.929999,10.02
10.219999,10.059999,9.92,9.969999
10.21,10.05,9.9,9.95
10.2,10.03,9.88,9.929999
10.19,10.02,9.849999,9.92
10.17,9.98,9.84,9.9
10.11,9.94,9.809999,9.87
10.07,9.92,9.79,9.86
10.059999,9.969999,9.83,9.849999
10.05,9.86,9.77,9.849999
10.05,9.87,9.78,9.84
10.15,9.95,9.77,9.849999
10.059999,9.98,9.76,9.82
10.059999,9.99,9.73,9.8
10.04,9.87,9.7,9.76
10.01,9.84,9.69,9.74
9.98,9.82,9.67,9.719999
9.98,9.91,9.67,9.74
9.98,9.82,9.679999,9.74
9.98,9.82,9.69,9.75
10.11,10.78,9.719999,9.79
10.15,9.88,9.75,9.8
10.059999,9.9,9.76,9.82
10.08,9.9,9.75,9.82
10.19,9.99,9.809999,9.82
10.09,9.889999,9.809999,9.809999
10.07,9.88,9.73,9.809999
10.07,9.88,9.73,9.809999
10.059999,9.88,9.74,9.86
10.09,9.91,9.82,9.9
10.09,9.92,9.849999,9.95
10.17,9.94,9.889999,9.98
10.13,9.96,9.92,10.02
10.26,10.11,9.98,10.03
10.32,10.08,10.01,10.059999
10.34,10.19,10,10.059999
10.36,10.13,9.99,10.04
10.27,10.13,9.99,10.05
10.29,10.139999,9.98,10.04
10.3,10.11,9.98,10.05
10.29,10.219999,9.99,10.059999
10.28,10.13,9.99,10.05
10.28,10.219999,10.01,10.12
10.37,10.219999,10.03,10.21
10.28,10.139999,10.08,10.26
10.3,10.16,10.12,10.29
10.42,10.17,10.13,10.309999
10.44,10.2,10.16,10.34
10.41,10.34,10.17,10.33
10.54,10.37,10.17,10.309999
10.45,10.29,10.16,10.3
10.55,10.28,10.15,10.28
10.46,10.27,10.13,10.26
10.44,10.25,10.08,10.219999
10.349999,10.219999,10.07,10.179999
10.46,10.55,9.969999,10.16
10.34,10.139999,9.95,10.099999
10.309999,10.13,9.929999,10.08
10.29,10.11,9.92,10.059999
10.26,10.09,9.889999,10.04
10.24,10.05,9.87,10
10.32,10.04,9.86,9.98
10.29,10.02,9.849999,9.969999
10.25,9.96,9.82,9.86
10.12,9.92,9.76,9.82
10.179999,9.889999,9.79,9.8
10.139999,9.87,9.8,9.76
10.11,9.94,9.79,9.74
9.96,9.78,9.67,9.75
9.94,9.78,9.66,9.74
9.94,9.79,9.66,9.74
9.95,9.79,9.679999,9.77
9.98,9.809999,9.71,9.86
10.13,9.96,9.84,9.86
10.16,9.99,9.809999,9.87
10.09,9.92,9.87,9.83
10.07,9.99,9.849999,9.8
10.17,4.89,9.83,9.79
10.16,9.969999,9.8,9.75
10.139999,9.86,9.7,9.75
10.02,9.86,9.71,9.83
10.01,9.94,9.7,9.88
13,9.849999,9.719999,9.88
10.02,9.86,9.8,9.9
10.059999,9.91,9.82,9.91
10.19,9.929999,9.82,9.9
10.2,10.04,9.84,9.889999
10.13,9.95,9.82,9.889999
10.139999,9.969999,9.82,9.88
10.15,10.07,9.82,9.9
10.17,10,9.84,9.889999
10.19,10.01,9.84,9.9
10.19,10.13,9.9,9.96
10.2,10.13,9.91,9.99
10.2,10.05,9.929999,10.01
10.33,10.059999,9.95,10.04
13,13,10.03,10.09
10.27,10.13,10.03,10.17
10.3,10.16,10.07,10.2
10.309999,10.24,10.08,10.16
10.32,10.19,10.07,10.15
10.33,10.28,10.11,10.17
10.34,10.2,10.099999,10.17
10.45,10.2,10.07,10.13
10.41,10.26,10.04,10.09
10.349999,10.179999,10.02,10.059999
10.36,10.179999,10,10.03
10.36,10.17,9.99,10.02
10.349999,10.179999,9.98,10.02
10.349999,10.16,9.969999,10.01
10.309999,10.219999,9.99,10.01
10.27,10.11,9.969999,10.04
10.25,10.08,9.95,10.02
10.219999,10.16,9.94,10.02
10.17,10.01,9.889999,9.98
10.13,9.95,9.83,10.02
10.099999,9.929999,9.809999,9.98
10.16,9.9,9.8,9.96
10.16,9.88,9.78,9.94
10.04,9.86,9.75,9.92
10.12,9.88,9.75,9.9
10.13,9.86,9.76,9.9
10.13,9.96,9.76,9.91
10.059999,9.889999,9.77,9.9
10.04,9.88,9.75,9.9
10.03,9.88,9.71,9.82
10.01,9.86,9.69,9.79
10.01,9.849999,9.679999,9.74
10.01,9.84,9.65,9.71
10.02,9.82,9.65,9.7
10,9.82,9.599999,9.66
10.09,9.8,9.58,9.63
9.969999,9.79,9.57,9.65
10.05,9.78,9.59,9.66
10.04,9.86,9.62,9.679999
9.929999,9.77,9.639999,9.69
9.94,9.78,9.65,9.73
10.03,9.78,9.69,9.77
9.99,9.809999,9.74,9.86
10.11,9.86,9.809999,9.9
10.04,9.88,9.82,9.92
10.07,9.99,9.849999,9.92
10.09,9.92,9.849999,9.929999
10.099999,9.929999,9.87,9.96
10.13,9.96,9.929999,9.96
10.15,9.98,9.889999,9.96
10.19,10.12,9.94,10.02
10.24,10.17,9.99,10.08
10.25,10.179999,10.02,10.099999
10.36,10.13,10.07,10.12
10.309999,10.15,10.08,10.139999
10.34,10.19,10.11,10.16
10.4,10.23,10.099999,10.139999
10.4,10.24,10.08,10.12
10.5,10.24,10.04,10.08
10.41,10.23,10.03,10.059999
10.4,10.21,9.99,10.03
10.21,10.179999,9.94,9.95
10.309999,10.13,9.92,9.94
10.389999,10.11,9.92,9.929999
13,10.09,9.92,9.95
10.32,10.059999,9.92,9.99
10.2,10.05,9.94,10.01
10.2,10.08,9.94,10.01
10.27,10.11,9.92,9.99
10.19,10.05,9.9,9.96
10.25,10.08,9.86,9.929999
10.17,10,9.88,9.9
10.16,9.98,9.809999,9.87
10.139999,9.969999,9.8,9.86
10.139999,9.96,9.76,9.83
10.139999,9.95,9.78,9.83
10.139999,9.94,9.78,9.87
10.11,9.94,9.82,9.88
10.23,10.05,9.82,9.88
10.12,9.95,9.809999,9.9
10.12,9.96,9.809999,9.889999
10.11,9.95,9.809999,9.889999
10.2,10.04,9.8,9.9
10.07,9.94,9.82,9.88
10.099999,9.929999,9.8,9.86
10.07,9.91,9.79,9.849999
10.059999,9.889999,9.78,9.84
10.05,9.889999,9.77,9.83
10.08,9.9,9.75,9.84
10.08,9.91,9.77,9.849999
10.09,9.92,9.8,9.84
10.09,9.92,9.78,9.849999
10.11,10.03,9.77,9.84
10.16,9.92,9.74,9.82
10.07,9.889999,9.69,9.75
10.03,9.84,9.639999,9.7
10.11,9.9,9.59,9.7
9.99,9.8,9.58,9.65
9.98,9.78,9.55,9.62
9.969999,9.77,9.559999,9.63
9.95,9.78,9.55,9.639999
9.95,9.77,9.61,9.7
10.08,9.82,9.7,9.8
10.099999,9.86,9.8,9.91
10.13,9.889999,9.82,9.95
10.05,9.929999,9.9,9.99
10.179999,9.969999,9.92,10
10.21,9.98,9.9,9.99
10.23,9.98,9.98,9.96
10.15,9.99,9.969999,9.95
10.16,10,9.95,9.92
10.17,10.01,9.94,9.929999
10.17,10.01,9.86,9.92
10.19,10.02,9.86,9.94
10.2,10.04,9.9,10
10.2,10.04,9.929999,10.01
10.219999,10.059999,9.95,10.02
10.24,10.07,9.95,10.03
10.26,10.09,9.99,10.04
10.38,10.11,9.95,10.04
10.29,10.12,9.969999,10.03
10.309999,10.13,9.98,10.02
10.42,10.15,9.969999,10
10.4,10.139999,9.99,10.01
10.29,10.21,9.969999,10.01
10.38,10.2,9.969999,10
10.37,10.099999,9.969999,10.01
10.33,10.07,9.95,10
10.21,10.03,9.92,9.969999
10.19,10.03,9.91,9.96
10.179999,10.02,9.88,9.94
10.17,10,9.87,9.92
10.16,9.99,9.849999,9.91
10.139999,9.969999,9.8,9.849999
10.11,9.95,9.77,9.809999
10.21,9.929999,9.76,9.8
10.11,9.929999,9.75,9.8
10.08,9.91,9.75,9.79
10.16,9.99,9.719999,9.78
10.12,9.86,9.719999,9.78
10.11,9.849999,9.719999,9.79
10.19,9.83,9.73,9.82
10.05,9.91,9.719999,9.83
10.03,9.79,9.73,9.84
13,9.82,9.74,9.849999
10.05,9.82,9.75,9.849999
10.07,9.82,9.78,9.86
10.11,9.849999,9.78,9.87
10.03,9.96,9.809999,9.889999
10.07,9.98,9.809999,9.9
10.12,9.95,9.84,9.91
10.13,9.96,9.83,9.889999
10.139999,10.07,9.82,9.88
10.139999,9.969999,9.82,9.87
10.12,9.95,9.79,9.83
10.23,10.03,9.76,9.8
10.13,9.929999,9.73,9.78
10.11,9.92,9.71,9.76
10.09,9.9,9.69,9.74
10.07,9.87,9.67,9.79
10.01,9.95,9.65,9.79
10.11,9.83,9.65,9.8
10.08,9.91,9.66,9.83
9.96,9.9,9.679999,9.83
5.77,9.88,9.69,9.87
9.96,9.79,9.69,9.8
9.99,9.82,9.679999,9.78
10,9.83,9.67,9.77
10.02,9.84,9.679999,9.75
10.03,9.86,9.69,9.76
10.07,9.9,9.73,9.79
10.099999,10,9.78,9.94
10.179999,10.05,9.84,10
10.179999,10.05,9.849999,9.95
10.2,10.07,9.9,9.969999
10.2,9.969999,9.88,10
10.21,9.969999,9.91,10
10.17,9.99,9.9,10
10.2,10.02,9.91,10.059999
10.19,10.02,9.889999,9.98
10.19,10.03,9.9,9.969999
10.2,10.03,9.88,9.95
10.2,10.139999,9.88,9.95
10.26,10.04,9.86,9.92
10.219999,10.04,9.88,9.92
10.27,10.04,9.84,9.88
10.24,10.03,9.84,9.87
10.219999,10.02,9.809999,9.849999
10.3,10,9.79,9.83
10.26,9.969999,9.76,9.8
10.21,10.03,9.77,9.82
4.06,10.03,9.8,9.86
13,10.01,9.83,9.889999
10.09,9.929999,9.87,9.94
10.11,9.95,9.91,10
10.21,9.96,9.92,9.99
10.15,10,9.91,9.99
10.19,10.03,9.9,9.98
10.19,10.03,9.88,9.969999
10.2,10.03,9.91,9.969999
10.21,10.04,9.91,9.96
10.21,10.04,9.88,9.95
10.21,10.04,9.87,9.96
10.29,10.03,9.87,9.95
10.179999,10.11,9.88,9.94
10.16,10.09,9.86,9.92
10.15,10.07,9.83,9.9
10.12,10.04,9.79,9.86
13,9.99,9.74,9.9
10.12,9.929999,9.76,9.84
9.99,9.83,9.679999,9.83
10.05,9.78,9.66,9.809999
10.05,13,9.679999,9.84
9.94,9.79,9.69,9.84
9.94,9.78,9.7,9.88
9.96,9.79,9.719999,9.889999
9.98,9.809999,9.74,9.94
9.99,9.84,9.75,9.94
10.02,9.86,9.76,9.95
10.04,9.87,9.77,9.91
10.04,9.98,9.77,9.86
10.05,9.889999,9.79,9.84
10.07,9.91,9.79,9.849999
10.08,9.91,9.78,9.84
10.07,9.889999,9.76,9.83
10.08,9.969999,9.75,9.809999
10.08,9.91,9.73,9.78
10.059999,9.889999,9.69,9.76
10.04,9.849999,9.66,9.719999
10,9.82,9.66,9.71
9.98,9.809999,9.66,9.719999
13,9.9,9.66,9.75
13,10.059999,9.679999,9.809999
10.059999,9.889999,9.7,9.77
10.07,9.9,9.71,9.79
10.09,9.91,9.7,9.79
10.01,9.92,9.67,9.74
10.01,9.84,9.66,9.74
10.139999,9.84,9.63,9.69
10.139999,9.84,9.65,9.7
10.13,9.86,9.71,9.79
10.13,9.86,9.75,9.83
10.13,10.08,9.809999,9.91
10.42,9.98,9.87,9.98
10.15,10.01,9.91,10.04
10.179999,9.94,9.98,10.09
10.17,10.03,9.96,10.07
10.27,10.04,9.96,10.05
10.33,10.07,9.929999,10.01
10.27,10.09,9.9,9.96
10.28,10.099999,9.9,9.94
10.38,10.099999,9.91,9.94
10.24,10.179999,9.88,9.95
10.25,10.17,9.9,9.95
10.34,10.139999,9.929999,9.969999
10.21,10.13,9.92,9.96
10.219999,10.13,9.92,9.95
10.2,10.03,9.86,9.929999
10.29,10.02,9.83,9.92
10.17,9.98,9.83,9.91
10.16,10.05,9.74,9.91
10.11,9.92,9.71,9.849999
10.09,9.889999,9.77,9.849999
10.16,9.87,9.7,9.83
10.01,9.849999,9.71,9.88
9.98,9.82,9.71,9.91
9.969999,9.82,9.719999,9.91
10.05,9.82,9.719999,9.889999
9.969999,9.82,9.79,9.86
9.969999,9.809999,9.75,9.849999
9.969999,9.809999,9.65,9.74
9.969999,9.79,9.639999,9.73
10.059999,9.78,9.62,9.719999
9.94,9.87,9.65,9.73
9.94,9.87,9.67,9.75
9.94,9.78,9.679999,9.77
10.05,9.79,9.719999,9.809999
9.96,9.809999,9.74,9.83
10.059999,9.83,9.77,9.86
10.01,9.86,9.8,9.88
10.04,9.889999,9.83,9.91
10.07,9.91,9.82,9.91
10.11,9.94,9.8,9.88
10.12,9.94,9.79,9.86
10.13,9.96,9.76,9.82
10.21,9.92,9.74,9.8
10.09,9.91,9.74,9.809999
10.07,10,9.75,9.83
13,10.98,9.78,9.84
10.17,9.91,9.8,9.86
10.08,9.929999,9.84,9.9
10.179999,13,9.84,9.889999
10.219999,10.03,9.79,9.86
10.2,9.929999,9.78,9.83
10.08,9.889999,9.73,9.78
10.04,9.86,9.7,9.76
10.02,9.86,9.7,9.76
10.01,9.83,9.69,9.75
13,9.9,9.71,9.79
10.07,9.83,9.73,9.82
10.01,9.84,9.75,9.889999
10.12,9.86,9.74,9.91
10.11,9.87,9.71,9.91
13,13,9.679999,9.849999
10.12,9.95,9.65,9.82
10.05,9.86,9.65,9.79
10.05,9.86,9.63,9.76
10.04,9.84,9.62,9.75
10.11,9.83,9.63,9.76
10,9.9,9.65,9.78
9.98,9.809999,9.679999,9.82
10.059999,9.809999,9.71,9.79
10.05,9.8,9.7,9.8
9.96,9.79,9.679999,9.79
9.969999,9.809999,9.69,9.76
9.96,9.809999,9.69,9.77
9.98,9.83,9.7,9.78
10.02,9.86,9.76,9.82
10.04,9.88,9.78,9.87
10.12,10,9.809999,9.88
10.099999,9.95,9.849999,9.91
10.17,9.969999,9.86,9.929999
10.19,10.02,9.9,9.98
10.309999,10.04,9.94,9.99
10.21,10.05,9.92,9.969999
10.219999,10.05,9.91,9.98
10.23,10.059999,9.92,9.98
10.23,10.139999,9.91,9.969999
10.219999,10.059999,9.91,9.96
10.2,10.12,9.88,9.95
10.179999,10.11,9.88,9.94
10.16,10.099999,9.87,9.929999
10.15,9.98,9.84,9.91
10.13,9.96,9.84,9.91
10.12,10.07,9.83,9.889999
10.11,9.95,9.8,9.87
10.12,9.94,9.79,9.86
10.099999,9.92,9.78,9.84
10.09,9.91,9.75,9.809999
10.05,9.86,9.71,9.79
10.01,9.82,9.67,9.719999
9.98,9.8,9.65,9.71
9.96,9.77,9.63,9.69
9.929999,9.76,9.62,9.679999
9.91,9.74,9.639999,9.65
9.91,9.75,9.58,9.65
10.01,9.73,9.57,9.63
9.889999,9.71,9.57,9.639999
9.99,9.7,9.57,9.639999
9.84,9.67,9.559999,9.63
9.83,9.66,9.55,9.61
9.82,9.66,9.54,9.62
9.809999,9.65,9.52,9.62
9.82,9.65,9.54,9.62
9.83,9.66,9.559999,9.63
13,9.679999,9.58,9.66
9.88,9.719999,9.599999,9.69
9.91,9.76,9.639999,9.74
9.96,9.79,9.69,9.77
9.99,9.83,9.7,9.79
10.139999,9.889999,9.78,9.849999
10.2,9.94,9.86,9.9
10.13,9.969999,9.86,9.929999
10.12,9.98,9.849999,9.929999
10.15,9.98,9.86,9.929999
10.15,9.99,9.86,9.92
10.24,10.099999,9.86,9.94
10.16,10,9.88,9.96
10.28,10.01,9.889999,9.96
10.28,10.01,9.9,9.98
10.23,10.03,9.95,10.02
10.309999,10.13,9.96,10.04
10.23,10.139999,9.99,10.04
10.23,10.16,9.969999,10.03
10.33,10.059999,9.95,10.01
10.219999,10.05,9.929999,9.99
10.21,10.04,9.91,9.969999
10.2,10.03,9.86,9.929999
10.179999,9.99,9.809999,9.96
10.15,9.969999,9.78,9.92
10.11,9.92,9.7,9.83
10.09,9.9,9.679999,9.809999
10.07,9.969999,9.639999,9.77
10.13,9.84,9.62,9.74
10.099999,9.91,9.58,9.7
10.02,9.849999,9.57,9.65
9.969999,9.8,9.54,9.7
9.82,9.66,9.53,9.67
9.8,9.73,9.52,9.69
9.88,9.61,9.53,9.719999
9.78,9.61,9.55,9.74
9.889999,9.61,9.55,9.74
9.9,9.63,9.559999,9.74
9.91,9.63,9.559999,9.74
9.84,9.679999,9.58,9.76
9.87,9.7,9.58,9.77
9.99,9.719999,9.63,9.809999
9.98,9.76,9.66,9.83
9.929999,9.77,9.679999,9.86
9.95,9.78,9.7,9.88
9.98,9.82,9.74,9.92
10.01,9.84,9.75,9.94
10.059999,9.86,9.76,9.94
10.15,9.889999,9.76,9.929999
10.15,9.98,9.76,9.91
10.15,9.88,9.75,9.9
10.05,9.88,9.74,9.9
10.04,9.87,9.73,9.9
10.04,9.87,9.73,9.91
10.059999,9.99,9.76,9.929999
10.04,9.88,9.75,9.929999
10.05,9.98,9.77,9.95
10.05,9.889999,9.77,9.94
10.059999,9.88,9.76,9.91
10.05,9.88,9.82,9.92
10.05,9.88,9.73,9.9
10.07,9.88,9.73,9.88
10.07,9.889999,9.719999,9.92
10.09,9.9,9.7,9.86
10.11,9.92,9.809999,9.86
10.11,9.92,9.76,9.91
10.11,9.94,9.77,9.87
10.099999,9.929999,9.75,9.82
10.19,9.92,9.76,9.82
10.07,9.9,9.719999,9.79
10.13,9.95,9.69,9.76
10.01,9.84,9.679999,9.75
9.99,9.82,9.67,9.74
9.969999,9.79,9.66,9.74
9.92,9.77,9.65,9.73
9.929999,9.76,9.639999,9.719999
9.92,9.84,9.63,9.719999
10.01,9.83,9.63,9.719999
9.9,9.73,9.63,9.69
9.9,9.73,9.58,9.74
9.9,9.719999,9.53,9.69
9.9,9.719999,9.54,9.65
9.92,9.73,9.51,9.66
9.92,9.74,9.51,9.66
9.92,9.73,9.53,9.66
9.929999,9.75,9.57,9.63
9.92,9.75,9.599999,9.67
9.94,9.77,9.66,9.7
10.02,9.77,9.67,9.75
9.929999,9.77,9.719999,9.8
10.04,9.79,9.75,9.82
9.94,9.8,9.74,9.849999
9.95,9.809999,9.76,9.87
9.96,9.83,9.79,9.87
9.99,9.84,9.75,9.86
10.01,9.849999,9.74,9.849999
10.03,9.84,9.73,9.809999
10.04,9.849999,9.719999,9.79
10.059999,9.87,9.71,9.77
10.059999,9.86,9.69,9.76
10.05,9.86,9.7,9.74
10.03,9.86,9.679999,9.74
10.13,9.929999,9.67,9.73
10.01,9.929999,9.66,9.719999
9.99,9.92,9.66,9.719999
9.969999,9.91,9.65,9.71
9.96,9.79,9.62,9.69
9.94,9.77,9.62,9.7
9.94,9.75,9.59,9.69
9.929999,9.74,9.59,9.679999
9.929999,9.74,9.59,9.679999
9.92,9.73,9.599999,9.679999
10.01,9.75,9.639999,9.69
9.929999,9.77,9.639999,9.71
9.94,9.77,9.69,9.73
9.94,9.78,9.66,9.73
9.98,9.8,9.71,9.76
9.98,9.83,9.71,9.77
9.99,9.83,9.71,9.76
10.099999,9.82,9.719999,9.78
10.099999,9.84,9.75,9.83
10.02,9.849999,9.76,9.86
10.02,9.87,9.79,9.889999
10.05,9.92,9.87,9.92
13,10.05,9.87,9.96
10.13,9.99,9.88,9.929999
10.15,9.98,9.849999,9.88
10.15,9.96,9.78,9.83
10.23,9.95,9.73,9.78
10.179999,9.88,9.63,9.74
10.099999,9.9,9.54,9.69
10,9.719999,9.51,9.67
4.53,9.74,9.52,9.66
9.87,9.61,9.53,9.7
9.77,9.61,9.54,9.74
9.8,9.63,9.58,9.73
13,9.67,9.599999,9.77
9.87,9.7,9.61,9.79
9.91,9.74,9.65,9.82
10.05,9.79,9.71,9.84
9.98,9.91,9.71,9.88
10.01,9.929999,9.71,9.88
10,9.84,9.7,9.86
10.11,9.92,9.69,9.849999
9.99,9.82,9.67,9.82
10.08,9.91,9.65,9.8
10.059999,9.809999,9.63,9.78
9.94,9.77,9.61,9.75
9.929999,9.75,9.59,9.73
10.02,9.74,9.55,9.71
9.9,9.719999,9.53,9.69
9.889999,9.69,9.5,9.63
9.849999,4.67,9.49,9.62
9.849999,9.67,9.5,9.65
9.84,9.679999,9.52,9.67
9.87,9.679999,9.53,9.71
9.87,9.7,9.58,9.71
9.87,9.719999,9.599999,9.66
9.87,9.71,9.59,9.719999
9.87,9.79,9.599999,9.75
9.96,9.7,9.599999,9.77
9.87,9.7,9.63,9.79
9.9,9.74,9.66,9.8
9.95,9.79,9.66,9.84
9.969999,9.809999,9.66,9.87
10.099999,9.84,9.69,9.849999
10.03,9.87,9.69,9.84
10.04,9.87,9.71,9.84
10.13,9.86,9.679999,9.83
10,9.83,9.679999,9.84
9.98,9.91,9.67,9.82
9.95,9.78,9.65,9.809999
9.929999,9.76,9.61,9.77
9.929999,9.76,9.61,9.75
9.96,9.75,9.59,9.75
10.02,9.77,9.58,9.74
9.95,9.77,9.59,9.74
9.96,9.76,9.62,9.73
9.929999,9.76,9.61,9.74
10.02,9.74,9.599999,9.76
9.88,9.71,9.599999,9.76
9.86,9.8,9.59,9.76
9.86,9.7,9.61,9.78
9.88,9.719999,9.65,9.79
9.91,9.73,9.66,9.82
9.929999,9.76,9.69,9.87
9.96,9.809999,9.67,9.8
9.969999,9.809999,9.7,9.86
9.99,9.83,9.69,9.82
10.01,9.83,9.719999,9.77
10.08,9.9,9.61,9.74
10.05,9.76,9.599999,9.7
9.99,9.73,9.559999,9.71
9.849999,9.77,9.54,9.679999
9.9,9.65,9.52,9.66
9.87,9.62,9.46,9.599999
9.76,9.58,9.45,9.57
9.809999,9.639999,9.389999,9.55
9.79,9.51,9.389999,9.53
9.66,9.5,9.44,9.599999
9.76,9.51,9.44,9.65
9.7,9.54,9.48,9.67
9.719999,9.66,9.48,9.67
9.809999,9.62,9.52,9.7
9.809999,9.639999,9.52,9.73
9.82,9.639999,9.53,9.679999
9.86,9.679999,9.55,9.71
9.86,9.69,9.559999,9.74
9.91,9.73,9.599999,9.77
9.929999,9.75,9.63,9.78
9.94,9.77,9.65,9.82
9.98,9.79,9.69,9.84
10.01,9.82,9.69,9.86
9.98,9.83,9.7,9.86
9.969999,9.9,9.69,9.889999
9.969999,9.889999,9.679999,9.849999
9.969999,9.79,9.679999,9.86
9.969999,9.79,9.66,9.82
9.969999,9.79,9.65,9.809999
9.99,9.8,9.62,9.79
9.99,9.8,9.599999,9.75
9.96,9.78,9.58,9.73
9.929999,9.74,9.57,9.71
9.99,9.78,9.54,9.7
9.94,9.66,9.54,9.7
9.809999,9.639999,9.559999,9.71
9.809999,9.63,9.53,9.719999
9.9,13,9.54,9.719999
9.809999,9.639999,9.55,9.719999
9.82,9.639999,9.54,9.71
9.79,9.63,9.54,9.7
9.88,9.63,9.559999,9.73
9.9,9.639999,9.52,9.7
9.91,9.74,9.5,9.63
9.82,9.65,9.49,9.63
13,9.74,9.48,9.63
9.82,9.639999,9.49,9.63
9.8,9.63,9.5,9.66
9.79,9.63,9.5,9.66
9.8,9.73,9.53,9.679999
9.78,9.63,9.53,9.719999
9.79,9.65,9.55,9.77
9.82,9.65,9.559999,9.73
9.82,9.66,9.55,9.71
9.83,9.66,9.57,9.719999
9.83,9.67,9.559999,9.73
9.84,9.66,9.57,9.73
9.849999,9.679999,9.559999,9.73
9.94,9.679999,9.559999,9.69
9.87,9.67,9.49,9.65
9.87,9.66,9.469999,9.599999
9.86,9.639999,9.44,9.57
9.929999,9.62,9.429999,9.58
9.78,9.71,9.46,9.599999
9.77,9.599999,9.469999,9.63
9.86,9.58,9.469999,9.63
9.77,9.59,9.48,9.65
9.77,9.599999,9.51,9.65
9.87,9.599999,9.5,9.65
9.88,9.61,9.5,9.66
9.78,9.599999,9.5,9.67
9.8,9.62,9.52,9.7
9.9,9.63,9.53,9.67
9.82,9.639999,9.54,9.69
13,9.66,9.559999,9.7
9.849999,9.679999,9.54,9.73
9.86,9.7,9.559999,9.719999
9.86,9.69,9.57,9.73
9.86,9.7,9.57,9.75
9.98,9.73,9.58,9.74
10.03,9.76,9.599999,9.76
9.96,9.77,9.57,9.71
9.94,9.77,9.55,9.599999
10,9.79,9.61,9.58
9.95,9.76,9.61,9.58
13,9.74,9.53,9.63
9.79,9.63,9.54,9.65
9.8,9.65,9.61,9.69
9.83,9.69,9.639999,9.73
9.87,9.71,9.67,9.73
9.889999,9.83,9.66,9.66
9.9,9.71,9.54,9.599999
9.96,9.67,9.45,9.61
9.79,9.599999,9.45,9.53
5.79,9.54,9.33,9.469999
9.79,9.5,9.33,9.469999
9.66,9.48,9.34,9.45
9.75,9.46,9.309999,9.469999
9.639999,9.55,9.32,9.469999
9.63,9.45,9.32,9.46
9.62,9.44,9.32,9.45
9.599999,9.42,9.25,9.429999
9.59,9.41,9.29,9.44
9.599999,9.41,9.29,9.41
9.61,9.44,9.349999,9.48
9.63,9.48,9.429999,9.54
9.7,9.54,9.5,9.59
9.719999,9.57,9.52,9.599999
9.76,9.63,9.52,9.599999
9.78,9.63,9.5,9.59
9.809999,9.74,9.48,9.55
9.94,9.65,9.5,9.559999
9.84,9.67,9.54,9.61
9.87,9.809999,9.59,9.679999
9.91,9.849999,9.65,9.71
9.95,9.8,9.65,9.74
9.96,9.79,9.63,9.71
9.96,9.78,9.61,9.79
9.95,9.76,9.55,9.639999
13,9.74,9.55,9.599999
9.9,9.71,9.52,9.58
9.88,9.7,9.5,9.57
9.86,9.69,9.51,9.57
9.86,9.77,9.53,9.61
9.94,9.69,9.559999,9.63
9.849999,9.69,9.55,9.62
9.95,9.67,9.53,9.599999
9.84,9.65,9.51,9.58
9.8,9.62,9.49,9.53
9.849999,9.55,9.46,9.5
9.69,9.63,9.38,9.48
9.67,9.51,9.38,9.46
9.679999,9.49,9.38,9.45
9.79,9.51,9.37,9.44
9.79,9.51,9.38,9.42
9.679999,9.51,9.349999,9.4
9.67,9.48,9.3,9.36
9.65,9.46,9.3,9.349999
9.75,9.46,9.3,9.34
9.63,9.559999,9.3,9.389999
9.63,9.469999,9.349999,9.42
9.65,9.48,9.36,9.429999
9.66,9.49,9.349999,9.429999
9.66,9.48,9.37,9.45
9.65,9.469999,9.37,9.44
9.67,9.49,9.389999,9.45
9.679999,9.5,9.429999,9.49
9.71,9.54,9.44,9.53
9.74,9.58,9.49,9.55
9.77,9.61,9.52,9.62
9.88,9.62,9.53,9.62
9.809999,9.65,9.52,9.599999
9.809999,9.639999,9.51,9.59
9.91,9.63,9.49,9.57
9.809999,9.639999,9.5,9.559999
9.79,9.62,9.49,9.559999
9.88,9.59,9.469999,9.53
9.76,9.67,9.469999,9.52
9.84,9.559999,9.44,9.49
9.8,9.63,9.42,9.48
9.79,9.61,9.44,9.51
9.7,9.52,9.46,9.54
9.71,9.55,9.45,9.53
9.83,9.559999,9.46,9.51
9.73,9.55,9.389999,9.45
9.73,9.53,9.34,9.5
9.7,9.5,9.3,9.429999
9.74,9.45,9.26,9.38
9.7,9.5,9.25,9.38
9.57,9.38,9.23,9.389999
9.54,9.38,9.24,9.389999
9.55,9.37,9.309999,9.429999
9.57,9.48,9.32,9.5
9.7,9.44,9.37,9.559999
9.63,9.559999,9.41,9.57
9.77,9.62,9.46,9.639999
9.719999,9.57,9.49,9.679999
9.75,9.599999,9.52,9.69
9.79,9.63,9.51,9.679999
9.94,9.65,9.5,9.66
9.86,9.69,9.48,9.66
9.88,9.7,9.5,9.62
9.87,9.7,9.48,9.63
9.969999,9.67,9.5,9.62
9.94,9.639999,9.469999,9.66
9.88,9.59,9.45,9.599999
9.74,9.57,9.429999,9.58
9.719999,9.54,9.38,9.55
9.73,9.52,9.34,9.48
9.71,9.52,9.33,9.46
9.69,9.52,9.34,9.48
9.78,9.49,9.34,9.49
9.63,9.46,9.33,9.48
9.599999,9.429999,9.309999,9.469999
9.679999,9.4,9.26,9.45
9.57,9.37,9.21,9.34
9.639999,9.34,9.16,9.3
13,9.42,9.139999,9.2
9.48,9.41,9.19,9.25
9.469999,9.3,9.19,9.29
9.48,9.309999,9.22,9.309999
9.59,9.32,9.3,9.34
13,9.36,9.29,9.389999
9.67,9.48,9.33,9.429999
9.63,9.469999,9.34,9.42
9.67,9.49,9.33,9.42
9.69,9.51,9.36,9.44
9.69,9.53,9.389999,9.46
9.7,9.52,9.429999,9.51
9.719999,9.559999,9.45,9.53
9.75,9.679999,9.46,9.55
9.849999,9.61,9.48,9.559999
9.889999,9.61,9.52,9.58
9.889999,9.63,9.5,9.599999
9.82,9.639999,9.52,9.59
9.91,9.63,9.51,9.55
9.809999,9.62,9.45,9.52
9.889999,9.599999,9.4,9.46
9.77,9.57,9.349999,9.41
9.77,9.559999,9.41,9.48
9.719999,9.63,9.41,9.389999
9.79,9.599999,9.349999,9.41
9.76,9.469999,9.349999,9.429999
9.63,9.45,9.349999,9.429999
9.599999,9.44,9.36,9.429999
9.61,9.46,9.34,9.41
9.63,9.469999,9.32,9.38
9.76,9.469999,9.32,9.36
9.76,9.48,9.29,9.33
9.639999,9.44,9.24,9.28
9.66,9.46,9.19,9.23
9.61,9.41,9.139999,9.179999
9.66,9.34,9.09,9.16
9.389999,9.23,9.07,9.139999
9.37,9.2,9.099999,9.15
9.469999,9.2,9.099999,9.17
9.42,13,9.16,9.23
9.429999,9.25,9.17,9.26
9.58,9.3,9.23,9.33
9.5,9.37,9.309999,9.38
9.54,9.389999,9.36,9.46
9.599999,9.45,9.41,9.54
9.76,9.53,9.5,9.57
9.78,9.599999,9.52,9.599999
9.83,9.66,9.52,9.57
9.86,9.66,9.559999,9.52
9.94,9.61,9.62,9.42
9.86,9.639999,9.32,9.44
9.79,9.49,9.27,9.33
9.71,9.429999,9.27,9.32
9.679999,9.389999,9.28,9.34
9.559999,9.37,9.27,9.349999
9.57,9.48,9.32,9.33
9.55,9.46,9.24,9.32
9.559999,9.37,9.24,9.32
9.57,9.36,9.24,9.33
9.55,9.37,9.28,9.349999
9.55,9.37,9.28,9.37
9.59,9.54,9.32,9.4
9.63,9.46,9.36,9.42
9.639999,9.46,9.41,9.42
9.65,9.48,9.42,9.37
9.73,9.52,9.349999,9.33
9.69,9.46,9.29,9.28
9.639999,9.349999,9.2,9.27
9.49,9.33,9.19,9.25
9.48,9.33,9.21,9.29
9.5,9.33,9.21,9.29
9.51,9.34,9.21,9.29
9.54,9.37,9.24,9.3
9.559999,9.38,9.24,9.32
9.57,9.389999,9.28,9.34
9.57,9.5,9.309999,9.38
9.599999,9.42,9.33,9.429999
9.62,9.45,9.37,9.46
9.66,9.469999,9.389999,9.46
9.679999,13,9.4,9.469999
9.73,9.559999,9.44,9.5
9.88,9.58,9.44,9.5
9.79,9.599999,9.44,9.5
9.77,9.59,9.42,9.46
9.73,9.55,9.349999,9.41
9.719999,9.51,9.33,9.37
9.79,9.48,9.27,9.389999
9.66,9.44,9.22,9.24
9.679999,9.37,9.179999,9.13
9.59,9.27,9.03,9.17
9.52,9.2,9.01,9.15
9.46,9.27,8.98,9.059999
9.429999,9.139999,9,9.059999
9.28,9.12,8.99,9.08
9.28,9.11,8.99,9.02
9.309999,9.13,9,9.07
9.389999,9.26,8.97,9.08
9.389999,9.309999,9.05,9.12
9.42,9.23,9.07,9.15
9.52,9.25,9.11,9.19
9.54,9.27,9.19,9.3
9.55,9.28,9.23,9.33
9.5,9.33,9.3,9.4
9.57,9.41,9.36,9.46
9.61,9.469999,9.38,9.469999
9.65,9.48,9.389999,9.469999
9.69,9.51,9.38,9.45
9.679999,9.51,9.37,9.46
10.139999,9.5,9.36,9.429999
9.76,9.599999,9.37,9.429999
9.66,9.49,9.37,9.45
9.65,9.48,9.36,9.45
9.639999,9.469999,9.36,9.429999
9.65,9.46,9.349999,9.42
9.639999,9.469999,9.309999,9.33
9.63,9.42,9.32,9.27
9.679999,9.38,9.17,9.23
9.639999,9.34,9.179999,9.22
9.599999,9.309999,9.19,9.22
9.5,9.309999,9.21,9.28
9.57,9.3,9.23,9.29
9.469999,9.32,9.21,9.32
9.559999,9.309999,9.23,9.32
9.49,9.3,9.22,9.309999
9.59,9.33,9.22,9.29
9.59,9.32,9.19,9.28
9.599999,9.32,9.179999,9.27
9.49,9.33,9.16,9.24
9.51,9.309999,9.2,9.23
9.5,9.309999,9.19,9.23
9.58,9.3,9.15,9.21
9.59,9.3,9.139999,9.21
9.58,9.32,9.13,9.21
9.45,9.26,9.12,9.179999
9.41,9.25,9.13,9.17
9.42,9.25,9.099999,9.17
9.45,9.25,9.099999,9.17
9.44,9.25,9.12,9.16
9.429999,9.23,9.07,9.139999
9.389999,9.2,9.04,9.13
9.349999,9.16,9.01,9.11
9.3,9.23,9.01,9.09
9.309999,9.13,9.01,9.11
9.33,9.15,9.07,9.15
9.389999,9.21,9.12,9.179999
9.41,9.33,9.139999,9.22
9.44,9.28,9.16,9.24
9.46,9.29,9.17,9.23
9.45,9.29,9.139999,9.21
9.469999,9.29,9.139999,9.23
9.5,9.32,9.179999,9.26
9.51,9.36,9.21,9.309999
9.63,9.37,9.27,9.34
9.639999,9.38,9.29,9.37
9.55,9.389999,9.29,9.389999
9.58,9.4,9.29,9.349999
9.58,9.49,9.24,9.29
9.599999,9.42,9.2,9.26
9.62,9.41,9.15,9.23
9.599999,9.389999,9.15,9.29
9.66,9.46,9.15,9.22
9.599999,9.32,9.16,9.25
9.44,9.26,9.16,9.26
9.41,9.23,9.13,9.23
9.41,9.21,9.13,9.26
9.469999,9.21,9.05,9.11
9.52,9.23,9.07,9.099999
9.44,9.24,9.03,9.16
9.44,9.34,9.04,9.179999
9.5,9.33,9.07,9.21
9.469999,9.29,9.04,9.21
9.33,9.139999,9.059999,9.19
9.41,9.13,8.99,9.08
9.44,9.13,9.03,9.07
9.469999,9.19,9.02,9.15
9.48,9.21,9.04,9.139999
9.52,9.24,9.099999,9.179999
9.51,9.25,9.13,9.33
9.5,9.23,9.139999,9.309999
9.469999,9.2,9.13,9.22
9.37,9.19,9.099999,9.21
9.36,9.19,9.07,9.179999
9.389999,9.21,9.08,9.16
9.42,9.24,9.11,9.19
9.41,9.25,9.13,9.21
9.429999,9.26,9.139999,9.24
9.429999,9.26,9.15,9.32
9.429999,9.27,9.15,9.25
9.42,9.25,9.15,9.25
9.429999,9.25,9.22,9.24
13,4.92,9.13,9.23
9.44,9.26,9.13,9.25
9.45,9.27,9.12,9.2
9.44,9.27,9.099999,9.2
13,13,9.12,9.19
9.41,9.34,9.11,9.19
9.38,9.22,9.099999,9.179999
9.37,9.179999,9.059999,9.13
9.36,9.15,9.08,9.09
9.36,9.21,9,9.13
9.349999,9.16,8.97,9.099999
9.45,9.16,8.98,9.059999
9.33,9.17,9.02,9.16
9.44,9.27,9.03,9.12
9.309999,9.13,9.04,9.15
9.33,13,9.08,9.17
9.34,9.16,9.16,9.27
9.389999,13,9.13,9.2
9.51,9.22,9.099999,9.16
9.53,9.33,9.08,9.179999
9.42,9.23,9.12,9.16
9.4,9.309999,9.09,9.15
9.389999,9.19,9.07,9.13
9.38,9.2,9.05,9.12
9.37,9.2,9.03,9.09
9.49,9.3,9.01,9.07
9.48,9.19,8.98,9.03
9.46,9.16,8.95,9.01
9.429999,9.23,8.94,9
9.389999,9.099999,8.96,9.03
9.36,9.08,8.97,9.059999
9.34,10.34,9.03,9.09
9.24,9.07,8.98,9.19
9.26,9.09,9.03,9.179999
9.309999,9.13,9.02,9.11
9.34,9.15,9,9.12
9.44,9.15,8.97,9.139999
9.349999,9.15,8.96,9.11
9.36,13,8.97,9.12
9.36,9.179999,9.01,9.19
9.5,9.2,9.059999,9.22
9.41,9.22,9.09,9.25
9.51,9.23,9.08,9.26
9.52,9.23,9.08,9.27
9.5,9.22,9.09,9.24
9.389999,9.309999,9.13,9.24
9.389999,9.21,9.08,9.22
9.37,9.21,9.04,9.2
9.389999,9.2,9.01,9.19
9.389999,9.2,8.99,9.15
9.38,9.19,8.97,9.15
9.37,9.17,8.98,9.07
9.46,9.16,8.95,9
9.33,9.139999,8.92,8.96
9.389999,9.11,8.9,8.95
9.25,9.059999,8.91,8.94
9.22,9.04,8.87,8.95
9.22,9.03,8.86,8.92
13,9.03,8.87,8.94
9.29,9.03,8.95,8.96
9.2,9.11,8.91,8.98
9.429999,9.05,8.929999,9.02
9.32,9.059999,8.96,9.04
9.45,13,9.01,9.09
9.29,9.09,9.02,9.12
9.29,9.099999,9.02,9.11
9.3,9.13,9,9.09
9.34,9.16,9,9.09
9.36,9.179999,9.01,9.09
9.5,9.21,9.01,9.08
9.51,9.3,9.02,9.09
9.4,9.309999,9.04,9.08
9.469999,9.2,9.04,9.11
9.33,9.17,9.04,9.12
9.41,9.139999,9.03,9.13
9.389999,9.139999,9.03,9.13
9.28,9.12,9.02,9.099999
9.29,9.11,9.02,9.099999
9.28,9.16,8.97,9.05
9.26,9.08,8.92,9
9.24,9.04,8.94,8.95
9.2,9.05,8.84,8.9
9.29,9.01,8.82,8.87
9.17,9.059999,8.809999,8.889999
9.27,8.97,8.83,8.889999
9.179999,8.99,8.84,8.929999
9.21,9.01,8.87,8.94
9.22,9.05,8.889999,8.95
9.24,9.15,8.87,8.94
9.24,9.059999,8.94,8.96
9.34,9.07,8.96,8.92
13,9.17,8.96,8.92
9.37,9.19,8.889999,8.97
13,9.09,8.95,9.01
9.36,9.099999,9,9.07
9.34,9.09,9,9.09
9.28,9.09,9.01,9.099999
9.27,9.11,8.99,9.09
9.28,9.11,9,9.059999
9.34,9.12,8.97,9.03
9.429999,9.23,8.95,9.01
9.45,9.26,8.96,9.03
9.429999,9.139999,9,9.07
9.41,9.139999,9.01,9.08
9.309999,9.13,9.02,9.09
9.32,9.139999,8.99,9.07
9.29,9.2,8.94,9.04
9.38,9.08,8.889999,9.059999
9.27,9.07,8.88,8.94
9.32,9.03,8.84,9.01
9.179999,9.02,8.87,8.91
13,9.08,8.809999,8.889999
9.23,9.17,8.75,8.849999
9.139999,8.929999,8.73,8.88
9.13,8.92,8.679999,8.77
9.2,9.11,8.67,8.94
9.17,9.11,8.7,8.809999
9.07,8.97,8.71,8.809999
13,10.219999,8.74,8.92
13,9.01,8.83,8.92
9.15,8.97,8.86,9.01
9.25,13,8.929999,9.03
9.22,9.13,8.91,9.01
9.27,9.08,8.91,8.97
9.32,9.12,8.91,8.98
9.34,9.139999,8.9,8.95
9.349999,9.16,8.91,9.04
9.349999,9.16,8.91,9.05
9.46,9.139999,8.91,8.96
9.44,4.3,8.889999,9.02
9.4,9.179999,8.88,9.01
9.34,9.15,8.84,8.929999
9.26,8.97,8.84,8.889999
9.15,8.95,8.8,8.88
9.179999,4.87,8.78,8.849999
13,8.88,8.79,8.82
13,8.98,8.73,8.83
9.19,8.9,8.74,8.83
9.12,8.929999,8.78,8.849999
9.13,8.94,8.78,8.86
9.22,8.929999,8.78,8.87
9.22,8.94,8.79,8.91
9.2,9.01,8.78,8.87
9.07,8.9,8.76,8.87
9.07,8.889999,8.78,8.86
9.21,8.92,8.76,8.849999
9.22,9.03,8.77,8.849999
9.25,9.05,8.78,8.86
9.11,9.04,8.77,8.87
9.099999,9.03,8.8,8.889999
13,9.02,8.83,8.95
9.2,9.04,8.88,8.97
9.23,9.07,8.91,8.99
9.179999,9.099999,8.91,8.96
9.309999,9.139999,8.98,8.92
9.33,9.15,8.94,8.99
9.32,9.04,8.94,8.98
9.19,9.12,8.929999,9
9.2,9.02,8.95,9.02
9.41,9.11,8.889999,9.05
9.179999,9.02,8.889999,9.05
9.2,9.02,8.9,9.07
9.21,9.03,8.889999,9.05
9.21,9.03,8.889999,9.04
9.23,9.03,8.889999,9.04
9.23,9.12,8.889999,9.03
9.33,9.05,8.889999,9.03
9.22,9.03,8.87,9.02
9.2,9,8.82,8.88
9.26,8.96,8.849999,8.9
9.26,8.98,8.77,8.79
13,8.94,8.639999,8.78
9.139999,8.92,8.62,8.77
9.02,8.92,8.65,8.79
9.02,8.82,8.65,8.83
9.02,8.82,8.66,8.8
9.09,8.79,8.63,8.78
9.07,8.77,8.599999,8.75
8.96,8.77,8.599999,8.77
9.059999,8.86,8.66,8.8
9.07,8.79,8.67,8.849999
8.99,8.83,8.72,8.889999
13,8.96,8.74,8.91
9.17,8.98,8.77,8.95
9.2,8.929999,8.809999,8.97
9.139999,8.97,8.83,9
9.179999,8.99,8.86,9.03
13,9.02,8.87,9.03
9.24,9.05,8.87,9.02
9.24,9.05,8.86,9.01
9.309999,9.03,8.83,8.99
9.27,9.09,8.83,8.99
9.24,9.05,8.84,8.92
9.13,9.05,8.809999,8.91
9.22,8.94,8.8,8.889999
9.25,8.97,8.76,8.849999
9.27,8.97,8.72,8.8
9.19,8.99,8.71,8.78
9.17,8.96,8.67,8.74
4.82,8.94,8.67,8.73
9.19,8.889999,8.679999,8.72
9.059999,8.95,8.67,8.73
9.01,8.91,8.67,8.73
9.01,8.809999,8.66,8.75
9.08,8.809999,8.69,8.76
9.08,8.809999,8.69,8.76
9.08,8.889999,8.7,8.77
9,8.91,8.71,8.78
9.07,8.88,8.77,8.8
9.059999,8.79,8.679999,8.78
9.08,8.809999,8.679999,8.75
9.01,8.809999,8.7,8.76
9.01,8.82,8.679999,8.77
9.05,8.849999,8.71,8.78
9.07,8.87,8.72,8.79
9.07,8.87,8.72,8.78
9.11,8.889999,8.73,8.8
9.139999,8.97,8.72,8.79
9.15,8.95,8.72,8.77
9.13,8.94,8.7,8.75
10.5,8.929999,8.67,8.77
13,8.84,8.679999,8.78
9.02,8.849999,8.73,8.8
9.02,8.86,8.74,8.809999
9.03,8.96,8.74,8.84
9.02,8.86,8.77,8.86
9.07,8.95,8.78,8.87
9.08,8.88,8.77,8.86
9.05,8.88,8.77,8.83
9.07,8.889999,8.76,8.809999
9.09,8.9,8.72,8.77
9.09,8.9,8.7,8.76
9.19,8.91,8.69,8.74
9.2,8.889999,8.67,8.72
9.19,8.9,8.69,8.72
9.08,8.88,8.679999,8.71
9.15,8.86,8.69,8.75
9.12,8.92,8.69,8.77
9.099999,8.929999,8.679999,8.76
9.07,10.25,8.679999,8.76
9.07,8.889999,8.67,8.76
8.98,8.79,8.65,8.73
8.98,8.8,8.62,8.72
8.98,8.8,8.639999,8.72
8.99,8.8,8.639999,8.71
9,8.809999,8.67,8.73
9.099999,8.809999,8.679999,8.76
9.099999,8.82,8.71,8.78
8.99,8.83,8.72,8.79
9.01,8.9,8.75,8.82
9.11,8.82,8.74,8.83
9.099999,8.84,8.75,8.83
9.01,8.84,8.74,8.83
9.02,8.84,8.74,8.82
9.03,8.849999,8.73,8.82
9.04,8.86,8.75,8.8
9.15,8.95,8.7,8.8
9.059999,8.86,8.69,8.8
9.15,8.94,8.69,8.76
9.139999,8.849999,8.67,8.74
9.13,8.83,8.639999,8.73
9.12,8.91,8.62,8.7
9.11,8.8,8.599999,8.679999
9.05,8.86,8.559999,8.639999
9.03,8.82,8.57,8.66
9.02,8.71,8.62,8.69
8.91,8.73,8.65,8.72
8.94,8.83,8.65,8.74
9.03,8.84,8.66,8.76
9.05,8.78,8.69,8.78
9.05,8.8,8.7,8.8
9.099999,8.84,8.72,8.8
9.12,8.86,8.71,8.79
9.13,8.86,8.72,8.79
13,8.84,8.71,8.78
13,8.88,8.69,8.76
9.15,8.87,8.69,8.76
9.07,8.86,8.7,8.76
9.17,8.95,8.69,8.77
9.179999,8.88,8.7,8.78
9.099999,8.9,8.71,8.76
9.2,8.91,8.71,8.77
9.09,8.9,8.71,8.78
9.17,8.87,8.7,8.77
9.13,8.849999,8.7,8.76
8.99,8.91,8.67,8.76
9.08,8.79,8.67,8.74
8.97,8.79,8.66,8.73
9.059999,8.76,8.599999,8.71
8.97,8.75,8.63,8.69
8.95,8.75,8.559999,8.63
8.95,8.82,8.52,8.599999
8.92,8.72,8.49,8.57
8.92,8.79,8.47,8.55
8.889999,8.69,8.45,8.53
8.86,8.67,8.429999,8.54
8.94,8.72,8.45,8.53
9.05,8.72,8.44,8.51
8.92,10.42,8.45,8.55
8.849999,8.639999,8.5,8.57
8.94,8.72,8.5,8.599999
4.38,4,8.52,8.61
8.99,8.82,8.54,8.599999
8.9,8.74,8.65,8.639999
8.9,8.75,8.65,8.65
9.02,8.74,8.66,8.679999
9.02,8.84,8.62,8.69
8.929999,8.74,8.61,8.71
8.91,8.73,8.62,8.72
8.929999,8.73,8.62,8.73
9.04,8.74,8.62,8.7
8.98,8.75,8.66,8.7
9.02,8.809999,8.66,8.7
9.05,8.83,8.65,8.71
9.07,8.87,8.679999,8.74
9.12,8.929999,8.74,8.8
9.23,8.94,8.76,8.809999
9.13,8.95,8.8,8.82
9.139999,8.95,8.78,8.83
9.23,9.05,8.79,8.849999
9.15,8.95,8.78,8.84
9.21,8.929999,8.75,8.809999
9.09,8.9,8.73,8.8
9.07,8.88,8.74,8.82
9.16,8.87,8.73,8.809999
9.15,8.9,8.71,8.809999
9.04,8.84,8.71,8.79
9.03,9.059999,8.7,8.75
9.02,8.83,8.79,8.76
9.099999,8.809999,8.67,8.75
9.08,8.78,8.66,8.73
8.96,13,8.63,8.71
9.059999,8.76,8.679999,8.71
9.04,8.77,8.599999,8.69
8.94,8.75,8.65,8.67
9.03,8.73,8.61,8.639999
9.04,8.72,8.51,8.599999
8.94,8.7,8.51,8.58
8.92,8.69,8.48,8.54
8.87,8.66,8.45,8.52
8.929999,8.62,8.44,8.5
8.889999,8.67,8.429999,8.5
4.23,8.66,8.41,8.49
8.86,8.66,8.41,8.51
8.83,13,8.429999,8.599999
8.82,8.57,8.44,8.65
8.849999,8.63,8.57,8.66
8.86,8.71,8.55,8.639999
8.83,8.74,8.57,8.69
8.929999,8.79,8.61,8.72
8.97,8.71,8.639999,8.76
8.98,8.73,8.679999,8.78
8.92,8.75,8.73,8.79
8.95,8.78,8.73,8.82
8.97,8.809999,8.74,8.809999
9,8.83,8.78,8.82
8.99,8.82,8.8,8.8
8.98,8.79,8.79,8.79
8.96,8.78,8.65,8.71
9.09,8.79,8.66,8.7
9.09,8.8,8.679999,8.74
9.099999,8.91,8.8,8.76
9.099999,8.929999,8.77,8.78
9.22,8.84,8.72,8.809999
13,8.929999,8.75,8.849999
9.11,8.95,8.809999,8.9
9.03,8.97,8.82,8.99
9.07,8.889999,8.82,8.99
9.07,8.9,8.77,8.95
9.059999,8.889999,8.77,8.88
9.059999,8.88,8.73,8.76
9.05,8.849999,8.62,8.75
9.24,13,8.639999,8.69
8.98,8.87,8.61,8.66
9.07,8.76,8.599999,8.66
9.04,8.73,8.53,8.66
8.98,8.79,8.51,8.67
13,8.75,8.51,8.67
8.91,8.63,8.51,8.66
8.809999,8.61,8.48,8.639999
8.86,8.61,8.45,8.62
8.889999,8.599999,8.45,8.559999
8.88,8.599999,8.44,8.55
8.79,8.62,8.48,8.559999
8.91,8.599999,8.52,8.61
8.88,8.63,8.54,8.639999
8.8,8.63,8.57,8.66
8.88,8.71,8.58,8.679999
8.79,8.73,8.559999,8.679999
8.82,8.639999,8.559999,8.74
13,8.66,8.559999,8.73
8.97,8.69,8.58,8.75
8.88,8.8,8.58,8.74
8.9,8.72,8.599999,8.76
9.02,8.74,8.639999,8.78
9.05,8.83,8.65,8.8
8.94,8.849999,8.67,8.809999
8.94,8.76,8.66,8.82
8.94,8.84,8.67,8.82
8.94,8.77,8.66,8.75
9.05,8.74,8.62,8.71
8.929999,8.74,8.599999,8.7
9.03,8.75,8.59,8.69
8.94,8.73,8.57,8.67
8.929999,8.73,8.559999,8.67
9.02,8.72,8.59,8.66
13,8.72,8.62,8.69
8.92,8.72,8.639999,8.75
9.01,8.75,8.69,8.79
9.02,8.75,8.7,8.82
9.02,8.76,8.7,8.809999
8.95,8.88,8.69,8.8
8.97,8.809999,8.69,8.77
8.98,8.83,8.67,8.75
9.099999,8.83,8.7,8.7
9.11,8.82,8.67,8.679999
9.03,8.82,8.59,8.65
9.099999,8.809999,8.58,8.639999
9.11,8.8,8.58,8.63
8.96,8.88,8.57,8.639999
8.94,8.849999,8.55,8.63
8.94,8.75,8.55,8.61
8.92,8.82,8.54,8.599999
8.99,8.71,8.52,8.58
8.91,8.7,8.49,8.57
8.99,8.67,8.47,8.559999
8.86,8.65,8.45,8.53
8.849999,8.62,8.45,8.52
8.929999,8.62,8.44,8.54
8.889999,8.61,8.46,8.54
8.87,8.679999,8.5,8.61
8.86,8.61,8.559999,8.66
8.87,8.72,8.59,8.71
8.88,8.65,8.61,8.72
9.059999,8.69,8.65,8.76
8.88,8.72,8.639999,8.74
9.01,8.73,8.62,8.69
9.03,8.74,8.59,8.71
9.07,8.77,8.59,8.65
9.08,8.849999,8.559999,8.61
8.98,8.77,8.559999,8.61
13,8.86,8.58,8.61
8.96,8.86,8.559999,8.62
13,13,8.57,8.62
8.929999,8.73,8.51,8.57
8.92,8.71,8.57,8.53
8.91,8.69,8.53,8.5
8.88,8.67,8.51,8.46
8.929999,8.599999,8.429999,8.4
8.809999,8.59,8.42,8.389999
8.88,8.559999,8.32,8.4
8.86,8.639999,8.32,8.42
8.849999,8.639999,8.36,8.429999
8.809999,8.52,8.389999,8.49
8.71,8.53,8.44,8.54
8.71,8.53,8.45,8.55
8.74,8.559999,8.429999,8.51
8.75,8.57,8.44,8.49
8.78,8.59,8.53,8.49
8.91,8.61,8.5,8.48
8.83,8.62,8.52,8.49
8.83,8.66,8.51,8.52
8.86,8.679999,8.48,8.54
8.94,8.65,8.5,8.58
8.849999,8.679999,8.54,8.639999
8.97,8.69,8.57,8.65
8.889999,8.7,8.55,8.71
8.91,8.71,8.62,8.7
8.92,8.72,8.63,8.66
8.95,8.73,8.59,8.65
8.95,8.72,8.54,8.63
9.03,8.72,8.47,8.599999
9,8.71,8.48,8.63
8.97,8.77,8.52,8.679999
8.97,8.69,8.58,8.74
8.88,8.79,8.59,8.77
8.87,8.72,8.62,8.71
8.9,8.74,8.63,8.7
8.91,8.74,8.599999,8.7
8.92,8.75,8.63,8.67
8.92,8.76,8.65,8.66
8.929999,8.75,8.559999,8.72
9.02,8.73,8.55,8.65
9,8.72,8.559999,8.65
8.99,8.72,8.57,8.67
8.91,8.71,8.599999,8.679999
8.9,8.72,8.599999,8.69
8.91,8.72,8.59,8.69
9.03,8.74,8.62,8.7
8.889999,13,8.59,8.66
8.99,8.7,8.59,8.66
8.98,8.69,8.55,8.63
8.88,13,8.52,8.59
8.96,8.75,8.48,8.55
8.95,8.639999,8.45,8.54
8.94,8.63,8.44,8.52
8.79,9.96,8.44,8.54
8.809999,8.58,8.46,8.53
8.78,8.59,8.51,8.55
8.809999,8.58,8.52,8.559999
8.8,8.679999,8.47,8.57
8.8,8.67,8.48,8.559999
8.8,8.61,8.47,8.55
8.91,8.61,8.48,8.55
8.82,8.62,8.48,8.54
8.9,8.72,8.47,8.559999
8.9,8.62,8.46,8.54
8.9,8.61,8.47,8.52
8.8,8.62,8.42,8.51
8.8,8.61,8.41,8.48
8.8,8.599999,8.4,8.46
8.809999,8.58,8.46,8.44
8.8,8.57,8.44,8.42
8.78,8.58,8.42,8.42
8.78,8.58,8.349999,8.429999
8.88,8.59,8.49,8.52
8.78,8.69,8.46,8.559999
8.78,8.61,8.49,8.59
8.79,8.62,8.53,8.639999
8.9,8.639999,8.559999,8.67
8.86,8.69,8.63,8.78
8.9,8.76,8.65,8.74
8.94,8.79,8.67,8.75
9.179999,8.82,8.67,8.76
8.98,8.82,8.69,8.76
9.01,8.809999,8.7,8.75
8.99,8.8,8.62,8.71
9.08,8.88,8.62,8.7
9.059999,8.78,8.58,8.67
9.04,8.76,8.55,8.65
9,8.809999,8.58,8.61
8.92,8.7,8.49,8.58
8.929999,8.71,8.5,8.57
9.02,8.79,8.5,8.58
8.94,8.809999,8.51,8.559999
8.94,8.73,8.52,8.59
9.04,8.82,8.54,8.59
9.03,8.82,8.53,8.62
8.99,8.71,8.559999,8.63
8.889999,8.77,8.54,8.639999
8.809999,8.66,8.52,8.61
8.8,8.63,8.51,8.57
8.78,8.59,8.47,8.58
8.77,8.59,8.44,8.61
8.76,8.559999,8.44,8.59
8.77,8.57,8.4,8.55
8.849999,8.55,8.429999,8.55
8.76,8.57,8.4,8.53
8.84,8.59,8.36,8.52
8.83,8.54,8.36,8.429999
8.83,8.54,8.32,8.4
8.74,8.53,8.309999,8.38
8.82,8.61,8.3,8.37
8.72,8.599999,8.3,8.4
13,5.2,8.309999,8.389999
8.78,8.58,8.32,8.41
8.679999,8.48,8.33,8.429999
8.679999,8.5,8.36,8.45
8.78,8.51,8.34,8.45
13,4.44,8.34,8.45
8.71,8.51,8.349999,8.45
8.83,8.61,8.389999,8.48
8.72,8.53,8.4,8.48
8.74,8.559999,8.44,8.55
8.87,8.58,8.5,8.59
8.88,8.599999,8.52,8.62
8.809999,8.62,8.55,8.639999
8.83,8.65,8.58,8.69
8.87,8.679999,8.62,8.71
8.91,8.75,8.62,8.73
8.97,8.8,8.67,8.74
9.01,8.82,8.67,8.79
9.02,8.83,8.69,8.76
9.04,8.86,8.679999,8.78
9.04,8.87,8.67,8.8
9.13,8.849999,8.67,8.809999
9.12,8.84,8.65,8.8
9.12,8.83,8.67,8.73
9,8.809999,8.639999,8.76
9.07,8.78,8.599999,8.73
9.05,8.77,8.57,8.72
9.05,8.75,8.54,8.71
8.92,8.73,8.51,8.59
8.9,8.73,8.5,8.599999
8.97,8.69,8.53,8.54
8.929999,8.66,8.53,8.54
8.82,8.74,8.54,8.53
8.84,8.63,8.54,8.429999
8.9,8.63,8.55,8.42
8.889999,8.62,8.53,8.41
8.88,8.63,8.52,8.46
8.88,8.62,8.51,8.55
8.88,8.59,8.41,8.48
8.95,8.55,8.33,8.49
8.82,8.53,8.27,8.38
8.809999,8.49,8.26,8.33
8.79,8.57,8.22,8.309999
8.77,8.44,8.21,8.29
8.7,8.38,8.2,8.26
8.66,8.46,8.21,8.26
8.77,8.46,8.22,8.28
8.63,8.349999,8.22,8.28
8.54,8.34,8.21,8.309999
8.639999,8.36,8.26,8.32
10.05,8.389999,8.29,8.2
8.62,8.52,8.34,8.28
8.65,8.44,8.34,8.25
8.67,8.46,8.36,8.23
8.69,8.49,8.36,8.179999
8.71,8.51,8.36,8.179999
8.72,8.53,8.389999,8.059999
8.73,8.53,8.389999,8.05
8.72,8.53,8.389999,8.03
8.74,8.55,8.41,8.07
8.74,8.55,8.389999,8.179999
8.74,8.55,8.42,8.38
8.75,8.65,8.47,8.49
8.84,8.55,8.47,8.47
8.849999,8.54,8.46,8.429999
8.86,8.54,8.45,8.44
8.74,8.54,8.45,8.429999
8.83,8.53,8.42,8.45
8.84,8.65,8.37,8.47
8.74,8.78,8.44,8.54
8.86,8.59,8.52,8.63
8.9,8.62,8.559999,8.66
8.84,8.65,8.59,8.71
8.95,8.69,8.63,8.83
9.05,8.849999,8.679999,8.79
9.09,8.84,8.7,8.79
9.04,8.94,8.69,8.78
9.17,8.86,8.679999,8.82
9.139999,8.95,8.679999,8.72
9.12,8.84,8.63,8.71
9.09,8.79,8.62,8.69
13,8.809999,8.57,8.71
9.099999,8.67,8.57,8.72
8.96,8.65,8.55,8.69
8.94,8.73,8.5,8.66
8.94,8.71,8.48,8.639999
8.91,8.599999,8.41,8.58
8.9,8.59,8.38,8.55
9.01,8.57,8.34,8.5
8.86,8.54,8.33,8.5
8.82,8.52,8.32,8.5
8.59,8.58,8.309999,8.49
8.75,8.47,8.32,8.5
13,8.54,8.33,8.5
8.67,8.44,8.349999,8.55
8.679999,8.44,8.389999,8.59
8.7,8.45,8.429999,8.58
8.72,8.49,8.429999,8.58
8.69,8.48,8.41,8.57
8.809999,8.51,8.38,8.54
8.75,8.61,8.36,8.54
8.82,8.53,8.36,8.57
8.82,8.62,8.37,8.559999
8.83,8.62,8.38,8.53
8.82,8.599999,8.429999,8.52
5.26,8.58,8.45,8.55
8.82,8.54,8.49,8.59
8.77,8.59,8.55,8.639999
8.83,8.66,8.559999,8.639999
8.84,8.67,8.55,8.63
8.87,8.679999,8.54,8.599999
8.9,8.7,8.52,8.57
8.99,8.67,8.45,8.62
8.96,8.67,8.429999,8.55
8.95,8.74,8.4,8.55
8.929999,8.72,8.38,8.53
8.91,8.69,8.37,8.52
8.88,8.679999,8.36,8.5
8.73,8.559999,8.38,8.49
8.73,8.52,8.389999,8.54
8.79,8.51,8.37,8.54
8.7,8.5,8.38,8.54
8.78,8.59,8.349999,8.53
8.78,8.49,8.41,8.49
8.75,8.559999,8.41,8.48
8.76,8.47,8.41,8.48
8.69,8.48,8.429999,8.49
8.77,8.58,8.45,8.45
13,8.63,8.45,8.599999
8.78,8.55,8.5,8.61
8.849999,8.59,8.52,8.639999
8.77,8.61,8.54,8.65
8.809999,8.639999,8.55,8.65
8.92,8.69,8.54,8.65
8.97,8.72,8.58,8.65
9,8.71,8.58,8.65
9.01,8.71,8.57,8.62
9,8.8,8.55,8.62
8.849999,8.76,8.49,8.55
8.94,8.639999,8.38,8.51
8.91,8.7,8.36,8.52
8.889999,8.59,8.38,8.5
8.75,8.58,8.38,8.51
13,8.559999,8.349999,8.51
8.849999,8.54,8.32,8.48
8.77,8.55,8.32,8.389999
8.849999,8.54,8.32,8.41
8.74,8.52,8.3,8.36
8.72,8.599999,8.32,8.389999
8.83,8.59,8.32,8.41
8.83,8.53,8.36,8.44
8.809999,8.53,8.429999,8.5
8.78,8.54,8.47,8.55
8.79,8.54,8.46,8.559999
8.76,8.55,8.48,8.57
8.76,8.67,8.48,8.57
8.87,8.67,8.47,8.559999
8.76,8.61,8.46,8.58
8.88,8.59,8.41,8.52
8.79,8.59,8.429999,8.51
8.77,8.58,8.42,8.5
8.78,8.58,8.389999,8.48
8.76,8.57,8.42,8.48
8.86,8.57,8.389999,8.47
8.889999,8.679999,8.41,8.48
8.87,8.57,8.41,8.49
8.77,8.57,8.389999,8.48
8.76,8.67,8.41,8.48
8.86,8.57,8.4,8.51
8.849999,8.55,8.41,8.5
8.83,8.639999,8.41,8.5
8.809999,8.54,8.4,8.57
8.82,8.55,8.41,8.559999
8.86,8.65,8.42,8.559999
8.809999,8.59,8.42,8.58
8.88,8.59,8.41,8.57
8.88,8.59,8.45,8.58
8.889999,8.679999,8.429999,8.599999
13,8.8,8.41,8.61
9.09,9.599999,8.42,8.58
8.75,8.57,8.41,8.59
8.86,8.65,8.41,8.59
8.84,8.559999,8.389999,8.59
8.76,8.55,8.389999,8.58
8.77,8.57,8.4,8.55
8.86,8.58,8.389999,8.559999
8.87,8.599999,8.41,8.54
8.9,8.61,8.429999,8.55
8.9,8.679999,8.42,8.559999
8.88,8.599999,8.41,8.55
8.86,8.79,8.4,8.55
8.76,8.66,8.4,8.57
8.82,8.54,8.37,8.55
8.69,8.52,8.349999,8.55
8.7,8.51,8.349999,8.54
8.74,8.51,8.36,8.55
8.67,8.52,8.36,8.559999
8.679999,8.51,8.37,8.55
8.67,8.48,8.42,8.57
8.67,8.52,8.4,8.58
8.76,8.599999,8.41,8.59
8.7,8.52,8.4,8.49
8.71,8.51,8.4,8.47
8.76,8.54,8.4,8.48
8.77,8.639999,8.41,8.49
8.77,8.57,8.429999,8.49
8.82,8.59,8.41,8.5
8.86,8.61,8.429999,8.51
8.9,8.7,8.46,8.55
8.92,8.69,8.48,8.55
8.88,8.599999,8.46,8.57
8.87,13,8.45,8.59
8.87,8.67,8.429999,8.52
8.849999,8.57,8.429999,8.52
8.849999,8.55,8.45,8.51
8.84,8.55,8.37,8.49
8.849999,8.54,8.36,8.42
8.83,8.53,8.28,8.37
8.7,8.5,8.3,8.42
8.77,8.47,8.28,8.42
8.76,8.679999,8.28,8.45
8.65,8.49,8.28,8.429999
8.72,8.53,8.28,8.46
8.71,8.52,8.28,8.44
8.62,8.42,8.28,8.44
8.62,8.42,8.28,8.47
8.63,8.49,8.3,8.47
8.679999,8.48,8.33,8.51
8.69,8.51,8.42,8.53
8.77,8.52,8.429999,8.55
8.76,8.639999,8.44,8.599999
8.75,8.78,8.46,8.63
13,8.66,8.559999,8.67
9,8.62,8.54,8.679999
8.91,8.63,8.54,8.71
9.69,8.83,8.559999,8.73
8.47,8.599999,8.55,8.75
8.849999,8.139999,8.559999,8.63
8.98,8.67,8.53,8.599999
8.63,7.9,8.48,8.55
8.97,9.87,8.45,8.52
8.97,8.73,8.4,8.54
8.55,8.639999,8.33,8.41
7.84,8.67,8.29,8.45
8.58,8.53,8.24,8.3
8.77,8.46,8.26,8.27
8.73,8.61,8.25,8.26
8.74,8.389999,8.26,8.28
8.11,8.48,8.24,8.33
8.599999,8.5,8.33,8.38
8.08,8.51,8.33,8.49
13,9.9,8.36,8.48
8.76,8.5,8.38,8.49
8.71,8.62,8.41,8.51
8.74,8.54,8.49,8.52
8.77,8.57,8.51,8.51
8.86,8.58,8.429999,8.54
8.69,8.59,8.46,8.599999
8.88,8.63,8.51,8.65
8.8,8.65,8.51,8.69
8.84,8.65,8.51,8.61
8.94,8.65,8.52,8.63
8.29,8.74,8.5,8.63
8.33,8.67,8.47,8.55
8.84,8.67,8.45,8.61
8.8,8.74,8.429999,8.57
8.78,8.65,8.42,8.54
9.2,8.58,8.349999,8.5
13,8.62,8.3,8.44
8.76,8.47,8.27,8.42
8.72,8.42,8.25,8.42
8.69,8.42,8.23,8.41
8.67,8.389999,8.23,8.41
8.59,8.37,8.26,8.42
8.59,8.37,8.24,8.41
8.65,8.37,8.24,8.42
8.55,8.349999,8.21,8.4
8.65,8.36,8.2,8.41
8.559999,8.45,8.19,8.36
8.66,8.38,8.25,8.349999
8.7,8.429999,8.27,8.36
8.63,8.44,8.36,8.4
8.74,8.47,8.36,8.41
8.69,8.48,8.4,8.429999
8.7,8.49,8.42,8.429999
8.88,8.5,8.38,8.429999
8.78,8.51,8.36,8.45
13,8.51,8.38,8.46
8.71,8.53,8.389999,8.49
8.73,8.54,8.4,8.48
8.82,8.54,8.4,8.52
8.83,8.54,8.4,8.47
8.87,8.63,8.38,8.45
8.83,8.62,8.389999,8.45
8.74,8.51,8.349999,8.44
8.71,8.61,8.33,8.429999
8.73,8.52,8.37,8.46
8.809999,8.52,8.41,8.51
8.79,8.55,8.429999,8.53
8.77,8.559999,8.44,8.54
13,13,8.46,8.55
8.8,8.61,8.46,8.559999
8.929999,8.62,8.41,8.599999
8.84,8.62,8.37,8.51
8.929999,8.599999,8.32,8.48
8.889999,8.55,8.29,8.429999
8.84,8.51,8.27,8.429999
13,8.54,8.27,8.4
8.71,8.4,8.24,8.41
8.65,8.48,8.23,8.42
8.65,8.389999,8.22,8.4
8.559999,8.47,8.23,8.34
8.559999,8.37,8.21,8.4
8.679999,8.37,8.21,8.37
8.59,8.38,8.19,8.36
8.7,8.4,8.179999,8.36
8.69,6.17,8.23,8.349999
8.61,8.4,8.179999,8.349999
8.61,8.5,8.26,8.36
8.72,8.49,8.22,8.389999
8.639999,8.429999,8.25,8.44
13,8.46,8.309999,8.49
8.65,8.48,8.34,8.53
8.71,8.48,8.38,8.57
8.809999,8.5,8.389999,8.58
8.82,8.52,8.41,8.57
8.73,8.52,8.389999,8.5
8.809999,8.53,8.38,8.47
8.84,8.55,8.37,8.44
8.849999,8.66,8.38,8.44
8.849999,8.559999,8.36,8.42
8.79,8.54,8.32,8.389999
8.84,8.52,8.3,8.38
8.78,8.58,8.27,8.36
8.58,8.45,8.26,8.34
8.63,8.44,8.28,8.349999
8.65,8.54,8.29,8.37
8.74,8.46,8.309999,8.4
8.73,8.46,8.34,8.44
8.65,8.44,8.349999,8.45
8.639999,8.44,8.36,8.46
8.67,8.47,8.36,8.51
8.69,8.58,8.37,8.55
8.71,8.52,8.389999,8.48
8.72,8.55,8.389999,8.49
8.71,8.52,8.389999,8.47
8.71,8.52,8.389999,8.46
8.679999,8.5,8.37,8.46
8.77,8.48,8.34,8.41
8.72,8.62,8.32,8.38
8.76,8.55,8.25,8.33
8.77,8.5,8.26,8.33
8.74,8.54,8.26,8.32
8.73,4.56,8.25,8.34
8.63,8.429999,8.32,8.36
8.599999,8.429999,8.28,8.4
8.69,8.45,8.33,8.41
8.63,8.44,8.32,8.45
8.75,8.46,8.4,8.41
8.66,8.51,8.34,8.42
8.75,8.57,8.3,8.4
8.73,8.47,8.29,8.389999
8.69,8.48,8.28,8.38
8.75,8.559999,8.26,8.36
8.63,8.54,8.26,8.36
8.74,8.54,8.25,8.349999
8.72,8.52,8.25,8.32
8.71,8.5,8.22,8.36
8.58,8.44,8.2,8.309999
8.62,8.49,8.19,8.3
8.58,8.38,8.21,8.309999
8.7,8.38,8.25,8.36
8.57,8.389999,8.29,8.37
8.59,8.429999,8.3,8.4
8.61,8.44,8.33,8.41
8.78,8.47,8.34,8.42
8.82,8.52,8.37,8.429999
8.82,8.53,8.4,8.44
8.83,8.54,8.36,8.42
8.929999,8.599999,8.349999,8.44
4.85,8.58,8.33,8.429999
8.76,8.5,8.33,8.429999
8.76,8.51,8.34,8.429999
8.76,8.559999,8.32,8.429999
8.67,8.47,8.32,8.429999
8.679999,8.57,8.34,8.429999
8.73,8.48,8.38,8.47
8.72,8.48,8.36,8.46
8.69,8.51,8.38,8.46
8.77,8.59,8.36,8.46
8.84,8.54,8.37,8.51
8.76,8.55,8.34,8.51
8.88,8.559999,8.34,8.51
8.86,8.55,8.32,8.48
8.849999,8.63,8.33,8.49
8.8,8.59,8.349999,8.42
8.889999,8.46,8.309999,8.45
8.599999,8.429999,8.309999,8.389999
8.58,8.38,8.27,8.37
8.639999,8.36,8.26,8.32
8.67,8.44,8.23,8.3
8.57,8.44,8.21,8.309999
8.559999,8.429999,8.22,8.309999
8.639999,8.36,8.23,8.32
8.639999,8.37,8.24,8.33
8.66,8.36,8.26,8.309999
8.639999,8.37,8.29,8.32
8.61,8.41,8.26,8.32
8.62,8.429999,8.27,8.38
8.77,8.48,8.3,8.349999
8.77,8.46,8.3,8.389999
8.65,8.54,8.29,8.42
8.73,8.45,8.28,8.41
8.71,8.42,8.25,8.349999
8.66,8.44,8.23,8.33
8.69,8.429999,8.22,8.37
8.7,8.41,8.22,8.37
8.72,8.41,8.23,8.4
8.71,8.429999,8.27,8.4
8.7,8.41,8.27,8.37
8.67,8.429999,8.27,8.349999
8.59,8.429999,8.3,8.37
8.71,8.48,8.309999,8.4
8.679999,8.57,8.32,8.42
8.809999,8.52,8.349999,8.429999
8.74,8.54,8.34,8.51
8.82,8.55,8.349999,8.5
8.76,8.58,8.37,8.53
8.77,8.679999,8.36,8.51
8.88,8.58,8.37,8.54
8.87,8.679999,8.38,8.559999
8.849999,8.58,8.4,8.559999
8.86,8.58,8.41,8.58
8.88,8.679999,8.429999,8.61
8.74,8.59,8.46,8.55
8.76,8.58,8.45,8.55
8.75,8.67,8.47,8.53
8.77,8.58,8.44,8.51
8.83,8.559999,8.38,8.47
8.84,8.54,8.37,8.47
8.849999,8.53,8.36,8.45
8.83,8.52,8.32,8.38
8.82,8.51,8.3,8.349999
8.78,8.57,8.26,8.36
8.74,8.53,8.25,8.309999
8.84,8.4,8.24,8.32
5.59,4.81,8.21,8.34
8.52,8.309999,8.17,8.32
8.5,8.309999,8.139999,8.32
8.58,8.29,8.17,8.32
8.61,8.3,8.22,8.34
8.58,8.32,8.17,8.36
8.58,8.33,8.21,8.38
8.61,8.45,8.19,8.37
8.55,8.349999,8.21,8.4
8.52,8.34,8.23,8.4
8.54,8.38,8.25,8.429999
8.65,8.389999,8.26,8.46
8.7,8.51,8.28,8.429999
8.71,8.5,8.29,8.46
8.71,8.42,8.28,8.48
8.599999,8.4,8.24,8.4
8.61,8.5,8.24,8.34
8.679999,8.48,8.23,8.33
8.66,8.38,8.22,8.33
8.67,8.48,8.23,8.349999
8.69,8.4,8.25,8.37
8.63,8.429999,8.27,8.37
8.73,8.45,8.28,8.389999
8.69,8.46,8.29,8.38
8.74,8.44,8.29,8.41
8.76,8.44,8.28,8.47
8.65,8.44,8.28,8.45
8.679999,8.53,8.26,8.44
8.66,8.54,8.27,8.429999
8.76,8.44,8.24,8.37
8.76,8.44,8.25,8.4
8.66,8.44,8.24,8.4
8.72,8.42,8.26,8.42
8.7,8.4,8.28,8.45
8.679999,8.49,8.29,8.48
8.599999,8.4,8.309999,8.51
8.58,8.42,8.34,8.46
8.61,8.42,8.29,8.49
8.73,8.47,8.29,8.46
8.8,8.49,8.28,8.429999
8.79,8.58,8.27,8.4
8.78,8.47,8.24,8.42
8.74,8.51,8.22,8.389999
13,8.5,8.23,8.4
8.599999,8.38,8.25,8.36
8.66,8.49,8.26,8.36
8.73,8.42,8.26,8.349999
8.7,8.5,8.27,8.36
8.67,8.54,8.29,8.44
8.74,8.52,8.309999,8.42
8.889999,8.53,8.3,8.42
8.71,8.429999,8.32,8.389999
8.679999,8.42,8.26,8.38
8.62,8.4,8.25,8.34
8.66,8.41,8.25,8.309999
8.7,8.53,8.24,8.309999
8.69,8.49,8.22,8.28
8.73,8.51,8.27,8.3
8.7,8.53,8.29,8.33
8.69,8.429999,8.28,8.41
8.61,9.71,8.29,8.429999
8.61,8.4,8.27,8.48
8.61,8.4,8.309999,8.45
8.61,8.48,8.33,8.49
8.63,8.42,8.32,8.47
8.72,8.53,8.33,8.48
8.72,8.44,8.32,8.5
8.7,8.42,8.29,8.45
8.61,8.4,8.26,8.41
8.62,8.38,8.24,8.389999
8.63,8.389999,8.22,8.3
8.67,8.38,8.21,8.309999
8.679999,9.55,8.2,8.34
8.599999,8.38,8.179999,8.33
8.58,8.429999,8.28,8.349999
8.58,8.46,8.23,8.36
8.62,8.5,8.23,8.41
8.55,8.389999,8.25,8.389999
8.61,8.38,8.309999,8.42
8.65,8.389999,8.27,8.45
8.72,8.41,8.28,8.46
8.65,8.42,8.309999,8.48
8.66,8.46,8.3,8.47
8.67,8.46,8.32,8.48
8.78,8.47,8.36,8.52
8.76,8.48,8.3,8.46
8.66,8.48,8.29,8.44
8.76,8.46,8.26,8.42
8.66,8.49,8.26,8.41
8.77,8.46,8.23,8.42
8.73,8.47,8.24,8.42
8.75,8.54,8.23,8.4
8.69,8.53,8.24,8.42
8.63,8.42,8.25,8.4
8.7,8.42,8.25,8.41
8.69,8.389999,8.25,8.4
8.599999,8.38,8.23,8.45
8.7,8.389999,8.25,8.42
8.679999,8.48,8.24,8.42
8.69,8.5,8.27,8.349999
8.61,8.52,8.26,8.36
8.679999,8.42,8.26,8.389999
8.71,8.49,8.22,8.34
8.639999,8.4,8.2,8.309999
8.679999,8.5,8.2,8.29
8.66,8.45,8.2,8.33
8.54,13,8.179999,8.36
8.639999,8.34,8.179999,8.36
8.559999,8.36,8.24,8.33
8.66,8.38,8.21,8.389999
8.71,8.429999,8.22,8.389999
8.72,8.429999,8.23,8.4
8.69,8.41,8.25,8.41
8.65,8.48,8.26,8.37
8.66,8.48,8.28,8.389999
13,8.36,8.28,8.41
8.58,8.41,8.28,8.389999
8.59,8.4,8.32,8.37
8.71,8.41,8.25,8.34
8.71,8.41,8.24,8.38
8.599999,8.4,8.21,8.349999
8.7,8.38,8.21,8.349999
8.679999,8.47,8.19,8.349999
8.67,8.46,8.21,8.38
8.679999,8.37,8.21,8.349999
8.67,8.48,8.21,8.38
8.67,8.37,8.22,8.4
8.66,8.36,8.23,8.4
8.66,8.389999,8.25,8.429999
8.57,8.36,8.26,8.44
8.55,8.44,8.27,8.44
8.61,8.37,8.29,8.429999
8.57,8.389999,8.29,8.47
8.679999,8.46,8.32,8.51
8.71,8.45,8.29,8.48
8.75,8.46,8.26,8.44
8.76,8.46,8.25,8.41
8.65,8.42,8.2,8.349999
10.01,8.49,8.17,8.33
8.66,8.36,8.15,8.309999
8.63,8.42,8.139999,8.22
8.61,8.309999,8.139999,8.32
8.599999,8.52,8.17,8.33
13,8.33,8.17,8.36
8.61,8.33,8.19,8.389999
8.57,8.45,8.21,8.389999
8.63,8.36,8.21,8.389999
8.67,8.36,8.23,8.33
8.559999,8.36,8.23,8.33
8.49,8.37,8.21,8.37
13,8.59,8.2,8.41
8.679999,8.48,8.22,8.41
8.66,8.48,8.24,8.41
8.67,8.389999,8.26,8.41
8.22,8.429999,8.27,8.389999
8.07,8.2,8.29,8.37
8.67,7.98,8.27,8.28
8.08,8.51,8.309999,8.309999
8.55,8.59,8.29,8.28
10.099999,7.69,8.25,8.33
8.33,8.559999,8.28,8.33
10.28,8.69,8.3,8.33
8.22,8.38,8.27,8.36
8.21,8.48,8.25,8.38
13,8.44,8.309999,8.37
13,8.559999,8.23,8.36
7.7,7.86,8.24,8.32
8.559999,8.26,8.26,8.29
8.139999,8.28,8.23,8.29
8,8.51,8.24,8.32
8.48,8.41,8.22,8.32
8.57,8.37,8.23,8.33
8.48,8.37,8.26,8.33
8.47,8.5,8.24,8.32
8.61,8.4,8.24,8.33
13,8.49,8.22,8.33
8.62,8.52,8.25,8.32
8.61,8.44,8.33,8.349999
10.54,8.46,8.309999,8.38
8.51,8.67,8.349999,8.38
8.55,8.47,8.34,8.389999
8.639999,8.47,8.37,8.47
8.65,8.48,8.36,8.63
8.67,8.48,8.309999,8.599999
8.66,8.45,8.3,8.5
8.73,8.45,8.27,8.389999
8.72,8.42,8.24,8.33
8.19,7.92,8.21,8.34
8.69,8.09,8.179999,8.33
8.51,8.34,8.19,8.29
8.58,8.29,8.21,8.33
8.55,8.38,8.16,8.23
8.45,8.36,8.24,8.28
8.45,13,8.26,8.21
8.45,8.37,8.19,8.28
8.599999,8.3,8.21,8.41
8.559999,7.9,8.28,8.4
8.71,8.389999,8.27,8.44
8.61,8.44,8.37,8.47
8.74,8.48,8.37,8.44
8.929999,8.59,8.41,8.49
8.72,8.52,8.29,8.46
8.77,8.599999,8.32,8.36
8.61,9.679999,8.33,8.349999
8.79,8.01,8.309999,8.3
8.33,8.42,8.29,8.349999
13,8.45,8.27,8.309999
8.62,8.41,8.21,8.25
13,8.4,8.09,8.16
8.63,8.29,8.11,8.13
8.59,13,8.16,8.139999
8.54,8.24,8.09,8.179999
10.23,8.36,8.099999,8.19
13,8.26,8.139999,8.22
13,13,8.15,8.41
8.5,8.34,8.24,8.44
8.52,8.3,8.21,8.429999
8.59,8.309999,8.24,8.47
8.53,8.33,8.24,8.48
8.54,8.33,8.2,8.49
8.65,8.48,8.23,8.429999
8.67,8.41,8.3,8.389999
8.71,8.55,8.37,8.45
8.809999,8.58,8.37,8.48
8.77,8.57,8.41,8.48
8.76,8.66,8.4,8.46
10.71,8.66,8.37,8.45
8.82,8.65,8.33,8.48
8.77,8.58,8.34,8.4
8.86,8.559999,8.3,8.44
8.87,8.559999,8.309999,8.47
8.88,8.62,8.309999,8.429999
8.809999,8.59,8.29,8.47
8.87,8.53,8.24,8.429999
13,13,8.179999,8.34
8.57,8.27,8.11,8.33
8.51,8.23,8.09,8.3
8.389999,8.22,8.15,8.26
8.4,8.34,8.12,8.25
8.54,8.309999,8.13,8.3
8.53,8.28,7.99,8.29
8.51,8.3,7.98,8.26
8.5,8.37,7.94,8.28
8.51,8.32,7.93,8.27
8.53,8.349999,8.01,8.29
8.66,8.349999,7.94,8.24
8.599999,8.34,8.04,8.24
8.59,8.46,8.099999,8.23
8.559999,8.349999,8.09,8.26
8.559999,8.34,8.09,8.25
8.639999,8.36,8.139999,8.28
8.52,8.32,8.13,8.309999
8.53,8.29,8.09,8.34
8.57,8.27,8.2,8.38
8.559999,8.32,8.19,8.29
8.51,8.32,8.179999,8.309999
8.599999,8.349999,8.27,8.34
8.49,8.36,8.3,8.38
8.55,8.36,8.28,8.41
8.599999,8.4,8.309999,8.41
8.63,8.42,8.33,8.42
8.679999,8.46,8.32,8.389999
8.69,8.49,8.29,8.4
8.69,8.45,8.25,8.34
8.7,8.44,8.23,8.29
8.63,8.41,8.2,8.26
8.66,8.349999,8.179999,8.25
8.53,8.49,8.16,8.23
8.54,8.29,8.13,8.23
13,8.27,8.11,8.19
8.47,8.26,8.09,8.16
8.5,8.25,8.09,8.139999
8.53,8.23,8.09,8.13
8.559999,8.24,8.11,8.13
8.45,8.24,8.059999,8.15
8.47,8.22,8.099999,8.07
8.44,8.24,8.09,8.09
8.42,8.22,8.059999,8.09
8.42,8.22,8.04,8.099999
8.41,8.33,8.03,8.12
8.44,8.24,8.04,8.16
8.46,8.27,8.04,8.15
8.48,8.3,8.099999,8.24
8.48,8.309999,8.17,8.26
8.49,8.309999,8.19,8.21
8.49,8.309999,8.099999,8.22
8.49,8.32,8.11,8.22
8.48,8.3,8.11,8.2
8.54,8.28,8.09,8.2
8.46,8.26,8.08,8.179999
8.51,8.29,8.08,8.179999
8.5,8.44,8.05,8.12
8.47,8.36,8.05,8.22
8.48,8.34,8.07,8.22
8.53,8.29,8.07,8.23
8.63,8.29,8.08,8.26
8.5,8.38,8.08,8.26
13,13,8.059999,8.22
8.45,8.17,8.04,8.16
8.49,8.11,8.03,8.139999
8.51,8.309999,8.04,8.11
8.58,8.29,8.139999,8.11
8.48,8.42,8.15,8.139999
8.46,8.32,8.16,8.15
13,8.309999,8.15,8.179999
8.46,8.32,8.139999,8.19
8.47,8.3,8.12,8.179999
8.52,13,8.11,8.22
8.5,8.3,8.08,8.19
8.58,7.8,8.07,8.2
8.46,8.27,8.05,8.24
8.41,8.23,8.02,8.179999
8.37,8.19,8,8.16
8.32,8.139999,7.95,8.05
13,13,7.95,8.02
7.92,9.389999,7.98,7.98
9.66,9.5,7.92,7.99
8.23,8.059999,7.95,7.96
8.12,7.86,7.9,7.98
7.88,13,7.93,8
9.63,13,7.94,8.01
9.61,13,7.93,8.099999
7.91,8.15,7.98,8.17
9.84,7.67,8.01,8.21
7.9,8.19,8.03,8.24
7.86,7.8,8.12,8.2
8.47,7.72,8.11,8.24
8.69,7.79,8.139999,8.27
8.73,8.3,8.139999,8.22
8.5,9.3,8.15,8.25
8.51,8.04,8.17,8.25
8.599999,7.99,8.19,8.21
8.55,8.389999,8.139999,8.179999
8.65,8.429999,8.179999,8.16
9.36,8.51,8.139999,8.2
8.61,8.34,8.11,8.2
8.34,8.32,8.11,8.19
8.309999,13,8.09,8.17
8.41,8.29,8.08,8.179999
8.179999,8.2,8.059999,8.139999
8.47,8.27,8,8.13
8.38,7.75,8.04,8.059999
8.29,8.16,8,8.02
8.44,7.74,7.94,7.97
8.309999,8.11,7.97,7.97
9.889999,7.83,7.86,7.94
8.889999,8.12,7.82,7.92
9.69,8.09,7.79,7.88
8.059999,7.96,7.75,7.85
8.139999,7.92,7.72,7.89
8.22,8.01,7.72,7.88
8.01,8,7.73,7.89
8.099999,8.02,7.75,7.92
8.15,8.13,7.81,7.92
9.44,7.92,7.83,7.97
8.38,8.03,7.8,7.97
13,7.96,7.82,8
9.69,7.97,7.82,7.99
8.09,13,7.84,7.97
8.42,8.01,7.86,7.96
8.28,8,7.87,8.05
8.86,8.12,7.87,7.99
8.22,7.75,7.89,8.01
8.27,8.099999,7.94,8.04
8.36,13,7.97,8.099999
8.3,8.22,8.01,8.09
8.44,8.139999,8.01,8.09
8.46,8.16,8,8.09
8.38,8.15,7.99,8.12
8.37,8.17,7.98,8.099999
8.349999,8.21,7.98,8.07
8.33,8.24,7.97,8.05
8.25,8.36,7.95,8.07
13,7.72,7.97,8.07
8.32,7.26,7.98,8.07
8.349999,9.26,8.04,8.059999
8.4,8.139999,8.01,8.03
8.37,7.9,8.07,8.099999
8.44,9.63,8.03,8.139999
9.849999,8.17,7.98,8.13
10.08,9.36,7.97,8.12
8.26,8.139999,8.01,8.08
8,8.12,7.99,8.08
8.059999,7.7,7.99,8.099999
8.19,7.91,7.96,8.05
8.179999,8.15,7.95,8.03
8.36,8.15,7.91,7.99
8.38,8.15,7.88,8.05
8.34,8.13,7.87,8.07
8.41,8.08,7.86,8.03
13,9.349999,7.83,8.03
9.9,8.12,7.88,7.92
8.22,7.73,7.79,7.9
8.04,7.56,7.78,7.94
7.65,8.17,7.83,7.95
7.71,8.32,7.86,7.91
8.23,8.139999,7.85,7.93
9.7,8.01,7.84,7.87
9.94,8.02,7.79,7.88
8.12,7.93,7.75,7.87
13,7.93,7.77,7.87
8.13,7.92,7.74,7.89
8.33,7.91,7.73,7.91
8.2,7.99,7.73,7.89
8.19,7.97,7.71,7.89
9.73,7.96,7.72,7.87
8.11,7.87,7.7,7.89
9.179999,8.099999,7.68,7.87
13,9.38,7.67,7.85
7.74,7.6,7.68,7.84
9.95,7.54,7.68,7.86
13,8.13,7.68,7.87
8.21,7.89,7.69,7.82
7.86,8.94,7.68,7.88
13,7.48,7.69,7.98
8.099999,8.38,7.68,8.02
8.01,8.27,7.69,7.97
8.15,8.41,7.8,7.99
8.38,8.309999,7.81,7.99
8.44,8.179999,7.76,8.03
8.27,8.2,7.79,7.99
8.48,8.179999,7.84,7.95
8.28,8.17,7.81,7.99
8.36,9.559999,7.78,7.97
9.73,9.24,7.8,7.95
8.23,8.07,7.77,7.91
8.16,7.95,7.78,7.89
8.07,9.79,7.78,7.88
8.04,7.42,7.75,7.85
8.02,7.36,7.77,7.84
8.27,7.25,7.72,7.81
9.55,7.4,7.66,7.83
7.56,9.179999,7.66,7.82
9.599999,8.059999,7.64,7.82
8.98,7.56,7.61,7.78
13,7.6,7.61,7.74
7.72,9.099999,7.6,7.73
7.9,7.36,7.6,7.75
8.01,7.96,7.62,7.77
7.5,7.37,7.61,7.75
8.04,7.44,7.63,7.82
8.08,7.78,7.65,7.8
8.08,7.93,7.69,7.81
8.19,7.89,7.73,7.83
8.139999,7.92,7.77,7.84
8.25,8.02,7.79,7.85
8.38,7.95,7.76,7.95
8.23,7.96,7.76,7.92
8,7.93,7.73,7.9
8.16,9.42,7.72,7.89
8.05,8.24,7.66,7.87
8.05,8.099999,7.69,7.87
8,7.96,7.67,7.89
7.96,7.79,7.7,7.87
8.099999,7.78,7.69,7.86
7.94,7.87,7.67,7.86
13,7.76,7.66,7.74
7.98,7.86,7.6,7.81
9.7,7.77,7.6,7.69
9.41,7.36,7.58,7.72
8.25,13,7.63,7.66
7.37,7.34,7.59,7.66
9.62,7.3,7.61,7.78
7.88,7.32,7.66,7.88
8.22,7.92,7.66,7.93
13,7.27,7.65,7.95
13,13,7.64,7.98
8.34,7.26,7.65,8.03
8.23,13,7.68,8.02
9.44,7.32,7.69,8
9.34,7.91,7.69,8.01
9.98,8.02,7.71,8.02
8.059999,7.92,7.75,8
9.679999,8.01,7.71,7.95
8.16,7.88,7.68,7.96
8.13,7.45,7.67,7.95
8.22,7.83,7.65,7.94
9.63,7.91,7.67,7.95
8.95,9.01,7.68,7.96
9.36,9.23,7.68,7.98
7.39,9.27,7.69,7.97
7.39,8.94,7.71,7.95
9.42,10.5,7.66,7.93
9.41,7.35,7.66,7.95
8.139999,8.44,7.61,7.9
9.87,7.34,7.59,7.88
9.4,7.4,7.59,7.87
7.49,7.43,7.53,7.86
7.51,7.43,7.59,7.87
7.52,7.69,7.61,7.83
8.01,7.82,7.6,7.89
8.02,7.81,7.6,7.89
8.02,7.81,7.59,7.9
7.91,7.72,7.56,7.88
8.099999,7.41,7.55,7.88
7.33,7.37,7.57,7.84
7.37,7.34,7.51,7.81
7.91,8.849999,7.48,7.77
9.16,7.28,7.47,7.78
7.36,8.889999,7.43,7.76
7.98,7.81,7.44,7.75
8.059999,7.8,7.44,7.75
9.24,7.25,7.42,7.68
7.59,7.72,7.39,7.73
7.93,7.83,7.45,7.73
13,7.7,7.45,7.73
9.11,7.67,7.47,7.73
9.61,7.69,7.45,7.73
7.92,7.03,7.44,7.73
9.49,7.6,7.44,7.7
7.48,7.69,7.45,7.73
13,7.61,7.47,7.77
7.92,8.77,7.49,7.8
8.05,7.91,7.5,7.83
8.01,13,7.52,7.84
7.82,7.71,7.56,7.79
9.23,7.64,7.59,7.84
7.43,7.15,7.61,7.79
9.33,7.15,7.61,7.74
7.47,7.7,7.66,7.82
7.59,7.71,7.64,7.84
7.92,7.7,7.67,7.82
7.96,7.38,7.65,7.83
7.94,7.56,7.63,7.84
7.92,9.4,7.61,7.82
7.92,7.5,7.62,7.82
8.05,7.88,7.64,7.82
8.11,7.43,7.61,7.77
8.08,7.86,7.64,7.84
8,7.78,7.61,7.71
8.179999,7.75,7.58,7.7
7.71,7.57,7.61,7.76
7.7,8.03,7.63,7.7
8.059999,7.47,7.69,7.62
8.15,7.79,7.71,7.56
13,7.43,7.69,7.62
9.55,7.42,7.63,7.62
7.98,7.84,7.55,7.64
7.79,7.74,7.5,7.68
7.86,7.73,7.52,7.58
7.94,7.63,7.54,7.59
7.82,7.64,7.47,7.54
7.8,7.74,7.42,7.48
7.83,7.6,7.49,7.46
9.02,8.74,7.44,7.48
8.02,7.54,7.47,7.46
13,13,7.44,7.41
7.77,7.62,7.47,7.42
7.73,7.47,7.47,7.33
7.94,7.05,7.43,7.32
7.88,6.98,7.46,7.39
9.27,8.05,7.45,7.36
13,8.52,7.44,7.38
7.54,7.79,7.44,7.39
9.04,6.66,7.37,7.32
13,7.49,7.39,7.35
7.73,7.41,7.38,7.35
9.27,7.49,7.38,7.4
7.71,7.46,7.29,7.4
13,13,7.39,7.42
7.73,7.54,7.26,7.46
7.75,7.46,7.3,7.43
7.72,7.5,7.36,7.55
7.39,7.5,7.38,7.61
9.15,7.56,7.45,7.58
13,7.59,7.47,7.63
8.66,7.73,7.49,7.65
7.66,7.67,7.48,7.6
7.73,7.71,7.52,7.61
7.92,7.83,7.52,7.62
9.88,7.64,7.51,7.66
13,7.84,7.55,7.66
7.91,7.72,7.56,7.67
7.99,7.72,7.55,7.63
8.389999,7.77,7.55,7.6
7.99,7.76,7.59,7.56
13,7.78,7.56,7.51
9.469999,7.76,7.56,7.48
13,7.78,7.6,7.44
9.42,7.51,7.54,7.48
8.04,9.38,7.5,7.46
7.81,7.63,7.33,7.47
7.93,7.19,7.33,7.43
7.23,7.58,7.29,7.42
9.309999,7.26,7.33,7.41
8.99,7.57,7.29,7.45
9.11,7.58,7.27,7.43
9.11,7.48,7.26,7.43
7.62,7.48,7.23,7.44
7.76,7.66,7.21,7.39
7.87,7.47,7.2,7.37
7.6,7.42,7.19,7.34
7.7,7.45,7.17,7.31
7.55,7.41,7.17,7.31
7.61,7.44,7.17,7.38
7.59,7.35,7.18,7.37
7.59,7.34,7.19,7.36
13,7.34,7.16,7.37
7.69,13,7.23,7.37
7.72,7.37,7.21,7.25
7.82,7.45,7.16,7.26
13,7.42,7.2,7.3
6.81,7.44,7.18,7.33
7.61,7.54,7.18,7.37
13,13,7.18,7.37
7.58,7.35,7.21,7.39
7.52,7.41,7.21,7.31
7.71,6.99,7.21,7.31
7.65,8.8,7.19,7.28
9.13,6.65,7.2,7.3
7.78,6.65,7.19,7.28
7.66,7.44,7.18,7.29
7.65,7.41,7.16,7.29
7.65,7.52,7.18,7.29
7.73,7.41,7.18,7.3
7.65,7.39,7.18,7.31
7.62,7.42,7.18,7.31
7.61,7.38,7.19,7.29
7.6,7.49,7.19,7.3
7.72,7.36,7.17,7.28
7.69,7.37,7.15,7.3
7.5,7.36,7.16,7.29
5.29,7.36,7.16,7.26
8.98,7.36,7.15,7.24
7.55,7.32,7.14,7.24
13,13,7.11,7.25
8.96,6.73,7.09,7.22
7.16,7.29,7.11,7.21
7.22,7.4,7.08,7.21
7.28,7.31,7.08,7.21
7.8,7.4,7.09,7.23
7.96,7.33,7.09,7.21
7.74,7.43,7.1,7.21
9.11,7.38,7.09,7.22
9.11,7.46,7.09,7.22
7.55,7.32,7.07,7.2
9.15,7.35,7.1,7.18
7.6,6.89,7.06,7.17
7.58,7.33,7.06,7.16
8.78,6.63,7.05,7.16
7.58,7.32,7.04,7.16
7.5,8.52,7.07,7.19
7.93,8.61,7.07,7.27
7.96,7.28,7.08,7.3
9.21,7.27,7.1,7.32
7.6,7.37,7.11,7.32
7.05,7.5,7.12,7.3
6.91,7.37,7.11,7.31
8.88,6.77,7.11,7.3
7.75,13,7.1,7.21
7.73,8.429999,7.11,7.2
6.94,6.57,7.08,7.18
13,7.39,7.06,7.18
9.309999,6.77,7.07,7.18
13,6.62,7.09,7.21
13,6.59,7.1,7.22
13,6.79,7.1,7.16
7.01,6.5,7.11,7.22
7.09,6.37,7.12,7.19
6.89,7.39,7.12,7.23
7.06,13,7.11,7.22
6.9,6.47,7.16,7.21
8.37,7.31,7.11,7.26
9.07,8.01,7.09,7.27
4.16,6.8,7.09,7.24
7.86,6.62,7.06,7.22
8.96,6.83,7.06,7.24
7.35,7.55,7.07,7.18
7.35,6.64,7.08,7.16
7.14,6.59,7.14,7.25
7.45,7.35,7.16,7.26
7.12,6.46,7.15,7.22
8.94,6.76,7.14,7.22
6.83,6.61,7.14,7.22
13,7.6,7.11,7.21
8.44,8.26,7.07,7.18
6.93,7.48,7.06,7.25
8.63,7.59,7.06,7.23
6.85,6.43,7.01,7.17
6.91,6.42,7,7.15
7.1,7.76,6.98,7.12
6.78,6.59,6.98,7.17
7.8,8.5,6.96,7.13
13,13,6.96,7.16
8.79,6.35,6.98,7.12
13,8.08,6.98,7.1
6.72,7.43,7.01,7.09
6.94,6.25,6.98,7.08
6.73,6.24,6.97,7.09
6.9,7.24,6.97,7.08
8.52,6.44,6.93,7.07
7.92,6.53,6.89,7.12
7.57,7.21,6.88,7.11
7.56,7.22,6.91,7.02
7.45,6.46,6.91,7.04
6.88,6.51,6.97,7.03
7,6.38,6.99,7.01
7.18,7.78,6.99,7.02
7.46,5.94,6.99,7.05
7.03,6.54,6.98,7.02
6.83,5.92,6.94,6.99
8.52,7.24,6.9,6.99
13,7.46,6.95,7.05
8.52,6.35,6.94,7.07
6.85,7.41,6.92,7.06
13,7.4,6.96,7.03
6.53,6.22,6.91,7
8.48,6.38,6.89,7.02
6.73,7.34,6.94,7.04
6.62,6.39,6.88,7.03
7.46,6.28,6.89,7.02
6.65,7.27,6.9,7.02
6.75,7.2,6.88,7
6.53,6.38,6.89,6.97
7.03,6.36,6.87,7.02
8.72,6.26,6.87,7.01
6.55,6.58,6.84,7
8.52,6.26,6.82,7.04
6.56,6.47,6.84,6.98
7.74,6.3,6.84,6.98
6.77,8.63,6.9,6.98
6.92,6.38,6.88,6.98
6.87,8.37,6.89,6.97
6.91,6.36,6.88,6.97
6.75,7.44,6.86,6.96
6.72,6.47,6.9,6.94
6.85,6.55,6.87,6.94
13,6.44,6.86,7.01
8.92,6.43,6.9,7.03
13,6.42,6.94,7.09
13,6.42,6.91,7.11
8.66,6.39,6.93,7.07
6.64,7.41,6.91,7.09
13,7.42,6.91,7.09
13,13,6.88,7.14
6.79,6.31,6.95,7.07
6.75,6.32,6.88,7.02
7.66,13,6.9,7.01
7.99,7.08,6.86,6.94
6.94,7.4,6.83,6.95
13,13,6.85,6.99
6.81,7.1,6.83,6.99
8.94,5.63,6.81,7.01
6.71,8.17,6.83,6.96
6.66,6.47,6.85,6.89
13,6.32,6.81,7.03
6.89,6.6,6.86,6.97
6.84,6.38,6.86,7
6.71,7.9,6.87,7.01
13,7.17,6.86,6.96
6.68,6.3,6.82,6.98
6.55,6.34,6.79,6.97
8.639999,7.99,6.75,7.04
8.55,6.37,6.73,6.95
9.03,6.13,6.78,6.94
6.68,6.58,6.7,6.99
7,6.51,6.73,6.94
8.679999,6.34,6.75,6.93
8.37,6.15,6.77,6.9
8.02,6.28,6.75,6.87
6.69,6.32,6.73,6.84
6.5,7.21,6.75,6.8
8.809999,6.06,6.73,6.76
8.47,6.3,6.72,6.83
6.63,6.12,6.68,6.77
6.63,6.06,6.68,6.74
6.71,6.19,6.65,6.73
6.55,6.21,6.6,6.71
13,6.12,6.6,6.96
6.54,6.12,6.58,6.7
6.74,6.12,6.54,6.81
7.25,7.93,6.55,6.82
13,5.99,6.52,6.82
13,6.46,6.51,6.75
7.29,5.96,6.51,6.73
13,6,6.5,6.71
13,8.21,6.49,6.8
6.32,5.99,6.46,6.83
6.29,5.98,6.45,6.81
8.57,6.24,6.51,6.86
8.55,6.12,6.49,6.84
6.36,7.01,6.51,6.83
6.37,13,6.53,6.89
6.49,6.14,6.61,6.92
6.43,6.08,6.58,6.91
12.95,7.83,6.63,6.81
6.39,8.12,6.61,6.88
6.39,6.78,6.61,6.79
6.73,8.099999,6.58,6.78
6.5,6.06,6.61,6.8
6.45,6.31,6.6,6.82
6.45,6.07,6.6,6.8
6.58,6.01,6.64,6.85
6.63,7.98,6.69,6.75
6.43,6.06,6.58,6.69
8.11,6.14,6.55,6.73
6.44,6.19,6.58,6.7
6.51,6.2,6.56,6.81
7.08,6.07,6.56,6.76
12.21,7.04,6.55,6.77
6.31,5.96,6.55,6.72
6.29,5.99,6.53,6.67
6.49,6.14,6.5,6.62
7.04,6.01,6.52,6.61
13,6.05,6.52,6.58
8.48,5.95,6.53,6.59
13,5.95,6.49,6.58
7.84,6.19,6.52,6.62
6.4,8.09,6.51,6.66
6.33,5.96,6.57,6.65
8.42,6.14,6.49,6.65
8.33,5.86,6.48,6.66
13,6.09,6.43,6.65
8.03,6.11,6.4,6.63
7.34,8,6.42,6.58
6.29,6,6.43,6.53
6.5,5.82,6.45,6.51
6.53,5.93,6.41,6.53
6.8,13,6.48,6.53
13,13,6.44,6.58
6.3,5.78,6.42,6.48
6.32,5.73,6.44,6.47
7.55,13,6.49,6.55
8.02,5.97,6.48,6.55
13,6.05,6.44,6.55
6.42,5.98,6.45,6.6
6.42,5.93,6.46,6.6
6.91,6.13,6.46,6.58
6.07,6.04,6.51,6.56
6.23,6.22,6.43,6.59
13,6.23,6.48,6.54
6.81,6.66,6.45,6.62
6.9,6.57,6.36,6.62
6.81,6.57,6.38,6.61
6.94,13,6.35,6.56
6.93,6.59,6.33,6.53
6.92,6.57,6.31,6.5
6.91,6.56,6.29,6.47
6.91,6.55,6.28,6.47
6.87,6.63,6.26,6.39
6.54,6.48,6.25,6.35
6.53,6.53,6.24,6.38
6.54,6.55,6.24,6.36
6.71,6.46,6.26,6.37
6.71,6.48,6.29,6.39
8.3,6.48,6.26,6.42
6.8,6.5,6.27,6.39
6.81,6.46,6.28,6.43
6.73,6.46,6.28,6.45
6.7,6.47,6.3,6.42
6.82,6.46,6.3,6.43
7.01,6.46,6.3,6.43
6.82,6.53,6.31,6.44
6.84,6.47,6.31,6.45
6.82,6.5,6.32,6.43
6.86,6.52,6.31,6.43
6.89,6.53,6.31,6.44
6.91,6.54,6.33,6.43
6.83,6.56,6.32,6.42
6.81,6.54,6.31,6.43
6.78,6.54,6.3,6.4
11.9,6.51,6.29,6.42
6.75,6.6,6.29,6.43
6.72,6.49,6.28,6.41
13,6.58,6.27,6.41
6.71,6.45,6.26,6.38
6.69,6.44,6.24,6.35
6.69,6.44,6.2,6.35
6.81,6.44,6.18,6.32
13,6.55,6.2,6.33
6.81,6.53,6.22,6.32
6.8,6.54,6.19,6.32
6.68,6.51,6.2,6.35
6.68,6.41,6.21,6.32
6.65,6.5,6.18,6.3
6.64,6.38,6.17,6.29
6.63,6.37,6.17,6.36
6.63,6.38,6.16,6.32
6.73,6.46,6.16,6.29
6.63,6.43,6.13,6.31
6.63,6.37,6.12,6.33
6.6,6.37,6.12,6.24
6.39,6.34,6.1,6.27
6.67,6.4,6.09,6.28
6.38,6.39,6.09,6.22
6.68,6.31,6.09,6.24
6.38,6.3,6.1,6.25
13,6.39,6.08,6.23
6.38,6.29,6.08,6.23
6.59,6.31,6.09,6.24
6.59,6.32,6.15,6.29
6.59,6.36,6.18,6.31
6.62,6.35,6.21,6.35
6.7,6.37,6.23,6.36
6.73,6.38,6.29,6.38
6.64,6.39,6.28,6.4
6.8,6.49,6.29,6.43
6.75,6.48,6.32,6.45
6.74,6.51,6.32,6.45
6.76,6.51,6.31,6.45
6.77,6.52,6.33,6.43
6.83,6.53,6.32,6.41
6.77,6.52,6.31,6.39
6.78,6.51,6.27,6.37
6.86,6.52,6.26,6.34
6.86,6.49,6.24,6.33
6.84,6.58,6.21,6.31
6.82,6.44,6.16,6.3
6.76,6.51,6.13,6.22
12.179999,6.47,6.1,6.19
6.72,6.46,6.07,6.18
6.7,6.54,6.05,6.15
6.65,6.29,6.07,6.14
6.61,6.31,6.02,6.12
6.61,6.25,6.02,6.12
6.55,6.24,6.01,6.13
6.52,6.25,6.02,6.13
6.55,6.26,6.02,6.15
6.63,6.25,6.04,6.13
6.72,6.26,6.01,6.14
6.53,6.33,6.01,6.15
6.49,6.3,6.02,6.16
11.679999,6.29,6.01,6.15
6.32,6.24,6.02,6.16
6.66,6.2,6.02,6.2
6.49,6.21,6.03,6.2
6.46,6.2,6.06,6.19
6.59,6.21,6.05,6.18
6.49,6.28,6.06,6.19
6.6,6.27,6.07,6.2
6.55,6.31,6.09,6.23
6.65,6.29,6.1,6.24
6.65,6.3,6.11,6.23
6.65,6.38,6.09,6.24
13,13,6.08,6.23
11.88,6.27,6.06,6.21
6.63,6.27,6.03,6.14
6.64,6.28,6.03,6.12
6.84,6.27,6,6.12
6.66,6.26,5.96,6.09
6.54,6.26,5.96,6.06
6.64,6.25,5.95,6.04
6.52,6.25,5.95,6.03
6.51,6.34,5.95,6.07
13,6.32,5.97,6.08
6.27,6.24,5.95,6.1
6.52,6.28,5.97,6.11
6.24,6.15,5.95,6.09
6.23,6.16,5.95,6.09
10.99,6.13,5.96,6.09
6.41,6.16,5.95,6.09
6.42,6.17,5.97,6.09
6.43,6.25,5.97,6.11
6.54,6.18,5.97,6.12
6.43,6.18,5.99,6.12
6.46,6.21,6.02,6.14
6.57,6.2,6.03,6.12
13,6.28,6.01,6.11
6.57,6.21,6,6.13
6.59,6.22,5.96,6.1
6.62,6.23,5.97,6.07
6.5,6.22,5.96,6.06
6.51,6.24,5.94,6.06
6.61,6.22,5.94,6.02
6.61,6.23,5.96,6.03
6.51,6.22,5.96,6.05
4.56,6.22,5.96,6.06
6.51,6.22,5.98,6.09
6.58,6.21,5.97,6.08
6.56,6.19,5.98,6.12
6.45,6.19,5.99,6.16
6.41,6.24,6.03,6.08
6.45,6.14,6.03,6.06
6.56,5.8,6.01,6.05
6.5,6.13,5.99,6.01
13,6.14,5.91,6.04
6.61,6.24,5.9,6.03
6.49,6.16,5.9,6.02
6.5,6.15,5.91,6.04
6.61,6.13,5.9,6.04
6.2,6.13,5.9,6.04
6.2,6.08,5.9,6.07
6.33,6.07,5.89,6.08
6.32,6.07,5.87,6
6.33,6.15,5.88,5.98
6.33,6.06,5.86,6.02
6.17,6.07,5.86,6.01
6.43,6.07,5.86,6.02
6.34,6.08,5.89,6.03
6.39,6.1,5.89,6.02
6.38,6.18,5.9,6.03
6.47,6.1,5.89,6.03
6.48,6.1,5.87,6.02
6.36,6.19,5.85,5.99
6.14,6.09,5.86,5.97
6.31,6.08,5.83,5.96
6.37,6.04,5.82,5.94
6.42,6.04,5.81,5.94
6.42,6.07,5.83,5.94
6.33,6.09,5.85,5.99
6.34,6.07,5.86,5.98
6.34,6.08,5.87,5.99
6.41,6.1,5.88,6.02
6.33,6.08,5.87,6.02
6.18,6.1,5.86,6.03
6.31,6.07,5.87,6.01
6.36,6.06,5.85,5.98
6.13,6.06,5.85,5.97
6.41,6.06,5.84,5.98
6.36,6.15,5.83,5.95
6.46,6.07,5.82,5.93
6.47,6.09,5.8,5.85
6.46,6.13,5.8,5.9
6.44,6.06,5.77,5.89
6.31,6.04,5.76,5.87
6.37,6.04,5.74,5.85
13,6,5.76,5.87
13,6.07,5.73,5.9
6.36,10.91,5.74,5.89
6.3,6.06,5.77,5.88
6.35,5.97,5.76,5.89
6.34,6.09,5.75,5.87
6.24,5.99,5.77,5.88
6.29,6.04,5.78,5.91
6.26,6,5.8,5.92
6.1,5.99,5.79,5.94
6.4,6,5.78,5.95
6.39,6.01,5.78,5.92
6.39,6.01,5.77,5.9
6.39,6,5.78,5.88
6.06,6.01,5.77,5.9
6.4,6.05,5.76,5.87
6.04,6,5.75,5.94
6.03,5.97,5.76,5.89
6.18,5.99,5.74,5.88
6.21,6,5.73,5.89
6.21,6.02,5.76,5.9
6.21,5.94,5.76,5.88
6.34,5.94,5.75,5.86
6.33,5.95,5.76,5.87
6.17,5.96,5.74,5.87
6.32,5.94,5.73,5.85
6.34,5.98,5.78,5.85
6.35,5.96,5.74,5.84
6.38,5.98,5.76,5.93
6.27,6.01,5.71,5.96
6.41,6.04,5.85,5.96
6.41,6.26,5.84,5.97
6.31,6.05,5.86,5.94
6.39,6.01,5.8,5.91
13,5.98,5.77,5.89
13,6.08,5.73,5.87
6.23,5.94,5.69,5.82
6.21,5.92,5.66,5.78
6.2,5.91,5.62,5.75
6.21,5.89,5.63,5.72
6.26,5.87,5.59,5.71
10.26,5.86,5.59,5.71
6.2,5.84,5.58,5.69
5.86,5.88,5.58,5.68
6.15,5.82,5.58,5.69
5.87,5.83,5.56,5.71
5.9,5.9,5.6,5.73
6.21,5.89,5.65,5.77
6.24,5.9,5.68,5.81
6.01,5.94,5.72,5.86
6.2,5.96,5.76,5.82
6.3,5.95,5.81,5.86
6.24,5.96,5.81,5.87
6.25,6.04,5.81,5.96
6.35,5.98,5.78,5.93
6.41,5.99,5.75,5.89
6.41,5.99,5.72,5.85
6.39,5.98,5.69,5.79
6.38,5.97,5.69,5.82
4.98,5.95,5.68,5.85
5.94,5.92,5.66,5.85
6.23,6.1,5.63,5.89
6.15,5.84,5.63,5.86
6.22,5.83,5.61,5.85
6.14,5.81,5.59,5.81
6.13,5.85,5.57,5.69
6.13,5.85,5.57,5.71
5.85,5.85,5.58,5.7
5.85,5.85,5.58,5.7
5.84,5.81,5.53,5.68
6.14,5.83,5.53,5.7
6.13,5.84,5.51,5.66
6.14,5.73,5.59,5.66
6.25,5.76,5.58,5.64
6.08,5.78,5.59,5.65
6.13,5.87,5.61,5.66
5.82,5.79,5.61,5.66
6.12,5.89,5.59,5.68
6.19,5.81,5.59,5.74
6.11,5.83,5.62,5.75
6.21,5.82,5.62,5.73
6.17,10.62,5.6,5.76
5.89,5.85,5.6,5.75
6.16,5.84,5.58,5.77
6.18,5.8,5.62,5.74
6.12,5.79,5.62,5.72
6.19,5.72,5.57,5.73
6.33,5.87,5.6,5.73
5.95,5.83,5.6,5.72
6.12,5.92,5.6,5.68
13,5.92,5.58,5.71
13,5.95,5.58,5.72
13,6.27,5.58,5.69
6.16,5.85,5.56,5.7
13,5.84,5.57,5.68
13,5.7,5.62,5.66
6.13,5.76,5.59,5.6
6.04,5.74,5.57,5.61
6.1,5.71,5.57,5.6
6.2,5.7,5.58,5.6
5.77,5.81,5.58,5.66
6.01,5.68,5.49,5.67
5.8,5.71,5.47,5.67
6,5.69,5.48,5.69
6.08,5.7,5.52,5.69
6.03,5.73,5.53,5.68
6.05,5.76,5.55,5.67
6.11,5.77,5.51,5.67
6.03,5.88,5.53,5.69
6.05,5.89,5.52,5.68
6.17,5.79,5.53,5.66
13,5.79,5.51,5.64
6.06,5.79,5.51,5.63
6.06,5.84,5.48,5.63
6.03,5.74,5.46,5.59
13,5.79,5.45,5.58
6.08,5.81,5.45,5.57
5.99,5.71,5.41,5.54
6.02,5.68,5.37,5.54
6.02,5.73,5.32,5.52
5.98,5.61,5.34,5.52
6.01,5.6,5.38,5.54
5.97,5.62,5.4,5.56
6,5.65,5.44,5.57
5.75,5.68,5.46,5.59
5.77,5.73,5.49,5.62
6.06,5.74,5.52,5.64
5.81,5.83,5.52,5.64
6.01,5.74,5.55,5.67
6.1,5.73,5.56,5.65
6.09,5.75,5.52,5.64
6.13,5.81,5.47,5.62
6.06,5.76,5.46,5.56
6.12,5.76,5.47,5.58
6.11,5.75,5.41,5.54
10.79,5.86,5.46,5.5
6.21,5.81,5.49,5.57
6.06,5.89,5.52,5.56
5.97,5.68,5.49,5.55
13,5.64,5.42,5.53
13,5.64,5.41,5.54
7.43,5.68,5.4,5.53
13,5.6,5.4,5.53
13,5.73,5.38,5.53
6.14,5.7,5.34,5.52
6.02,5.71,5.36,5.49
6.01,5.67,5.37,5.49
5.63,5.62,5.34,5.51
5.89,5.63,5.33,5.48
5.86,5.55,5.24,5.48
5.73,5.56,5.34,5.5
5.92,5.56,5.31,5.51
5.62,5.59,5.35,5.53
5.92,5.66,5.38,5.48
5.72,5.59,5.42,5.47
6.09,6.93,5.46,5.5
5.95,5.64,5.45,5.49
6,5.64,5.38,5.45
13,5.71,5.37,5.53
10.63,5.69,5.37,5.49
6,5.64,5.38,5.53
5.96,5.61,5.39,5.52
5.99,5.69,5.37,5.53
13,5.41,5.34,5.47
5.9,5.62,5.34,5.51
5.9,5.63,5.33,5.53
5.98,5.64,5.35,5.5
6.04,5.63,5.37,5.53
6.05,5.63,5.41,5.56
5.83,5.72,5.4,5.55
6,5.83,5.38,5.54
5.92,5.65,5.44,5.47
5.93,5.61,5.38,5.46
6.01,5.61,5.36,5.43
5.61,5.65,5.35,5.43
6.02,5.73,5.33,5.46
6.11,5.64,5.35,5.47
13,5.69,5.35,5.5
5.61,5.64,5.33,5.47
5.93,5.61,5.31,5.45
5.87,5.53,5.29,5.39
5.92,5.54,5.24,5.38
5.53,5.51,5.22,5.36
5.88,5.53,5.21,5.36
5.92,5.53,5.26,5.37
5.67,5.6,5.26,5.39
5.79,5.57,5.25,5.41
13,5.48,5.25,5.39
5.84,5.46,5.23,5.39
5.82,5.51,5.29,5.36
5.88,5.57,5.22,5.36
5.87,5.58,5.27,5.39
13,5.54,5.29,5.43
5.96,5.67,5.34,5.48
5.97,5.62,5.39,5.5
13,5.73,5.41,5.54
6.07,5.7,5.42,5.56
6.08,5.73,5.39,5.54
13,5.75,5.39,5.51
5.99,5.7,5.35,5.47
6,5.63,5.3,5.43
13,13,5.29,5.5
5.97,5.64,5.27,5.41
5.97,13,5.25,5.38
5.71,5.61,5.27,5.41
10.309999,5.58,5.25,5.39
5.86,5.44,5.2,5.47
5.47,5.4,5.18,5.33
13,13,5.18,5.3
5.45,5.4,5.24,5.28
5.69,5.39,5.13,5.28
5.8,5.39,5.1,5.29
13,5.41,5.14,5.3
5.46,5.42,5.16,5.32
13,5.43,5.19,5.33
5.45,5.43,5.17,5.28
5.74,5.42,5.14,5.18
5.55,5.39,5.13,5.27
5.78,5.5,5.1,5.27
5.8,5.44,5.17,5.28
5.88,5.48,5.19,5.3
5.94,5.62,5.26,5.35
6,5.69,5.28,5.38
5.56,5.56,5.29,5.4
5.9,5.57,5.29,5.41
7.39,5.53,5.27,5.43
5.9,5.54,5.29,5.45
5.81,5.53,5.29,5.45
5.94,5.57,5.33,5.47
5.96,5.67,5.35,5.5
5.96,5.59,5.36,5.52
5.99,7.13,5.37,5.53
5.96,5.66,5.35,5.51
5.62,5.57,5.35,5.48
5.94,5.63,5.31,5.45
6.54,5.62,5.3,5.43
5.89,5.55,5.27,5.41
5.92,5.52,5.24,5.4
5.84,5.5,5.2,5.34
5.8,5.49,5.18,5.3
5.87,5.5,5.18,5.29
5.83,5.46,5.16,5.28
5.82,5.43,5.14,5.3
5.75,5.41,5.14,5.28
5.78,5.37,5.13,5.28
5.62,5.4,5.13,5.28
5.62,5.42,5.13,5.28
5.73,5.35,5.12,5.3
5.74,5.34,5.14,5.29
5.65,5.35,5.13,5.29
5.77,5.46,5.15,5.3
5.46,5.41,5.16,5.31
5.84,5.53,5.18,5.31
5.79,5.46,5.2,5.34
5.86,5.56,5.2,5.34
10.139999,5.56,5.21,5.32
5.82,5.47,5.2,5.33
13,13,5.18,5.33
13,5.5,5.16,5.34
5.75,5.49,5.16,5.32
5.82,5.75,5.14,5.27
5.8,5.5,5.12,5.26
5.78,5.45,5.11,5.23
5.67,5.35,5.08,5.22
5.62,5.36,5.04,5.23
5.92,5.33,5.04,5.22
13,5.27,5.04,5.18
5.7,5.28,5.03,5.18
5.34,5.3,5.05,5.19
5.35,5.38,5.06,5.21
5.68,5.47,5.1,5.24
5.68,5.48,5.12,5.27
5.47,5.47,5.15,5.29
5.75,5.5,5.17,5.28
5.45,5.47,5.17,5.33
13,5.4,5.22,5.29
5.77,5.41,5.18,5.34
5.75,5.43,5.18,5.34
13,9.82,5.19,5.33
5.5,5.49,5.19,5.34
5.77,5.46,5.21,5.34
5.83,5.48,5.18,5.33
5.8,5.45,5.14,5.28
5.81,5.43,5.13,5.27
5.8,5.41,5.13,5.24
13,5.4,5.07,5.24
6.26,5.39,5.07,5.18
5.34,5.37,5.06,5.19
5.74,5.36,5.06,5.21
5.67,5.36,5.06,5.19
5.72,5.35,5.08,5.21
5.77,5.38,5.06,5.23
5.82,5.42,5.11,5.24
5.76,5.4,5.1,5.25
5.4,5.46,5.11,5.24
5.38,5.34,5.1,5.24
5.4,5.31,5.1,5.26
5.38,5.33,5.08,5.26
5.71,5.32,5.09,5.24
5.73,5.34,5.08,5.23
5.66,5.35,5.1,5.23
5.51,5.34,5.09,5.24
5.72,5.45,5.11,5.24
5.44,5.33,5.12,5.26
5.71,5.43,5.12,5.27
5.43,5.36,5.13,5.29
5.42,5.37,5.13,5.27
5.75,5.4,5.12,5.28
5.81,5.41,5.12,5.29
5.84,5.47,5.11,5.25
5.84,5.52,5.1,5.26
5.43,5.43,5.13,5.28
5.44,5.43,5.13,5.28
5.6,5.51,5.14,5.29
5.47,5.45,5.16,5.32
5.81,5.4,5.16,5.33
13,5.4,5.19,5.32
5.72,5.39,5.15,5.31
5.78,5.59,5.13,5.28
5.72,5.36,5.1,5.25
13,5.45,5.09,5.23
5.78,5.44,5.06,5.18
5.75,5.4,5.03,5.14
5.64,5.34,4.99,5.11
10,5.37,4.96,5.08
5.54,5.34,4.92,5.06
5.21,5.2,5.01,5.05
5.23,5.17,3.08,5.06
